{
  "resourceType" : "ValueSet",
  "id" : "vs-hiv-death",
  "text" : {
    "status" : "generated",
    "div" : "<div xmlns=\"http://www.w3.org/1999/xhtml\"><ul><li>Include these codes as defined in <a href=\"http://www.snomed.org/\"><code>http://snomed.info/sct</code></a><table class=\"none\"><tr><td style=\"white-space:nowrap\"><b>Code</b></td><td><b>Display</b></td></tr><tr><td><a href=\"http://snomed.info/id/419620001\">419620001</a></td><td>Death (event)</td></tr></table></li></ul></div>"
  },
  "url" : "http://openhie.org/fhir/hiv-program-monitoring/ValueSet/vs-hiv-death",
  "version" : "0.2.0",
  "name" : "VSHIVDeath",
  "title" : "Death",
  "status" : "active",
  "experimental" : false,
  "date" : "2023-03-07T16:55:29+00:00",
  "publisher" : "Jembi Health Systems",
  "contact" : [{
    "telecom" : [{
      "system" : "url",
      "value" : "https://www.jembi.org"
    },
    {
      "system" : "email",
      "value" : "info@jembi.org"
    }]
  }],
  "description" : "A list of possible HIV deaths",
  "jurisdiction" : [{
    "coding" : [{
      "system" : "http://unstats.un.org/unsd/methods/m49/m49.htm",
      "code" : "001"
    }]
  }],
  "compose" : {
    "include" : [{
      "system" : "http://snomed.info/sct",
      "concept" : [{
        "code" : "419620001",
        "display" : "Death (event)"
      }]
    }]
  }
}