<?xml version="1.0" encoding="UTF-8"?>

<Bundle xmlns="http://hl7.org/fhir">
  <id value="174e38f1-7fb9-423b-bda5-53c8f7f191a8"/>
  <meta>
    <lastUpdated value="2023-02-09T08:27:41.150+00:00"/>
  </meta>
  <type value="collection"/>
  <entry>
    <fullUrl value="http://openhie.org/fhir/hiv-program-monitoring/ValueSet/vs-vl-result-code"/>
    <resource>
      <ValueSet>
        <id value="vs-vl-result-code"/>
        <text>
          <status value="generated"/>
          <div xmlns="http://www.w3.org/1999/xhtml">
            <p>This value set contains 1 concepts</p>
            <p style="border: black 1px dotted; background-color: #EEEEEE; padding: 8px; margin-bottom: 8px">Expansion based on 
              <a href="CodeSystem-cs-vl-result-code.html">Viral Load Result Code v0.1.0-test (CodeSystem)</a>
            </p>
            <table class="codes">
              <tr>
                <td style="white-space:nowrap">
                  <b>Code</b>
                </td>
                <td>
                  <b>System</b>
                </td>
                <td>
                  <b>Display</b>
                </td>
              </tr>
              <tr>
                <td style="white-space:nowrap">
                  <a name="http---openhie.org-fhir-hiv-program-monitoring-CodeSystem-cs-vl-result-code-VL-RESULT"> </a>  
                  <a href="CodeSystem-cs-vl-result-code.html#cs-vl-result-code-VL-RESULT">VL-RESULT</a>
                </td>
                <td>http://openhie.org/fhir/hiv-program-monitoring/CodeSystem/cs-vl-result-code</td>
                <td>HIV VL Test Result</td>
              </tr>
            </table>
          </div>
        </text>
        <url value="http://openhie.org/fhir/hiv-program-monitoring/ValueSet/vs-vl-result-code"/>
        <version value="0.1.0-test"/>
        <name value="VSVLResultCode"/>
        <title value="Viral Load Result Code"/>
        <status value="active"/>
        <experimental value="false"/>
        <date value="2023-02-09T08:27:41+00:00"/>
        <publisher value="Jembi Health Systems"/>
        <contact>
          <telecom>
            <system value="url"/>
            <value value="https://www.jembi.org"/>
          </telecom>
          <telecom>
            <system value="email"/>
            <value value="info@jembi.org"/>
          </telecom>
        </contact>
        <description value="Viral Load Result Code"/>
        <jurisdiction>
          <coding>
            <system value="http://unstats.un.org/unsd/methods/m49/m49.htm"/>
            <code value="001"/>
          </coding>
        </jurisdiction>
        <expansion>
          <identifier value="urn:uuid:a30c5a89-885c-4a80-b592-68329b8b1815"/>
          <timestamp value="2023-02-09T08:27:55+00:00"/>
          <total value="1"/>
          <parameter>
            <name value="excludeNested"/>
            <valueBoolean value="false"/>
          </parameter>
          <parameter>
            <name value="version"/>
            <valueUri value="http://openhie.org/fhir/hiv-program-monitoring/CodeSystem/cs-vl-result-code|0.1.0-test"/>
          </parameter>
          <contains>
            <system value="http://openhie.org/fhir/hiv-program-monitoring/CodeSystem/cs-vl-result-code"/>
            <code value="VL-RESULT"/>
            <display value="HIV VL Test Result"/>
          </contains>
        </expansion>
      </ValueSet>
    </resource>
  </entry>
  <entry>
    <fullUrl value="http://openhie.org/fhir/hiv-program-monitoring/ValueSet/vs-hiv-diagnosis"/>
    <resource>
      <ValueSet>
        <id value="vs-hiv-diagnosis"/>
        <text>
          <status value="generated"/>
          <div xmlns="http://www.w3.org/1999/xhtml">
            <p>This value set contains 1 concepts</p>
            <p style="border: black 1px dotted; background-color: #EEEEEE; padding: 8px; margin-bottom: 8px">Expansion based on SNOMED CT International edition 31-Jul 2022</p>
            <table class="codes">
              <tr>
                <td style="white-space:nowrap">
                  <b>Code</b>
                </td>
                <td>
                  <b>System</b>
                </td>
                <td>
                  <b>Display</b>
                </td>
              </tr>
              <tr>
                <td style="white-space:nowrap">
                  <a name="http---snomed.info-sct-86406008"> </a>  
                  <a href="http://snomed.info/id/86406008">86406008</a>
                </td>
                <td>http://snomed.info/sct</td>
                <td>Human immunodeficiency virus infection (disorder)</td>
              </tr>
            </table>
          </div>
        </text>
        <url value="http://openhie.org/fhir/hiv-program-monitoring/ValueSet/vs-hiv-diagnosis"/>
        <version value="0.1.0-test"/>
        <name value="VSHIVDiagnosis"/>
        <title value="HIV Diagnosis"/>
        <status value="active"/>
        <experimental value="false"/>
        <date value="2023-02-09T08:27:41+00:00"/>
        <publisher value="Jembi Health Systems"/>
        <contact>
          <telecom>
            <system value="url"/>
            <value value="https://www.jembi.org"/>
          </telecom>
          <telecom>
            <system value="email"/>
            <value value="info@jembi.org"/>
          </telecom>
        </contact>
        <description value="A list of possible HIV diagnoses"/>
        <jurisdiction>
          <coding>
            <system value="http://unstats.un.org/unsd/methods/m49/m49.htm"/>
            <code value="001"/>
          </coding>
        </jurisdiction>
        <expansion>
          <identifier value="urn:uuid:ab7b15be-b732-4a85-a6d1-e7aad46d1c9e"/>
          <timestamp value="2023-02-09T08:28:01+00:00"/>
          <total value="1"/>
          <parameter>
            <name value="excludeNested"/>
            <valueBoolean value="false"/>
          </parameter>
          <parameter>
            <name value="limitedExpansion"/>
            <valueBoolean value="true"/>
          </parameter>
          <parameter>
            <name value="version"/>
            <valueUri value="http://snomed.info/sct|http://snomed.info/sct/900000000000207008/version/20220731"/>
          </parameter>
          <contains>
            <system value="http://snomed.info/sct"/>
            <code value="86406008"/>
            <display value="Human immunodeficiency virus infection (disorder)"/>
          </contains>
        </expansion>
      </ValueSet>
    </resource>
  </entry>
  <entry>
    <fullUrl value="http://openhie.org/fhir/hiv-program-monitoring/ValueSet/vs-vl-suppression"/>
    <resource>
      <ValueSet>
        <id value="vs-vl-suppression"/>
        <text>
          <status value="generated"/>
          <div xmlns="http://www.w3.org/1999/xhtml">
            <p>This value set contains 3 concepts</p>
            <p style="border: black 1px dotted; background-color: #EEEEEE; padding: 8px; margin-bottom: 8px">Expansion based on 
              <a href="CodeSystem-cs-vl-suppression.html">Viral load Suppressions Status v0.1.0-test (CodeSystem)</a>
            </p>
            <table class="codes">
              <tr>
                <td style="white-space:nowrap">
                  <b>Code</b>
                </td>
                <td>
                  <b>System</b>
                </td>
                <td>
                  <b>Display</b>
                </td>
              </tr>
              <tr>
                <td style="white-space:nowrap">
                  <a name="http---openhie.org-fhir-hiv-program-monitoring-CodeSystem-cs-vl-suppression-S"> </a>  
                  <a href="CodeSystem-cs-vl-suppression.html#cs-vl-suppression-S">S</a>
                </td>
                <td>http://openhie.org/fhir/hiv-program-monitoring/CodeSystem/cs-vl-suppression</td>
                <td>Suppressed</td>
              </tr>
              <tr>
                <td style="white-space:nowrap">
                  <a name="http---openhie.org-fhir-hiv-program-monitoring-CodeSystem-cs-vl-suppression-UNSUP"> </a>  
                  <a href="CodeSystem-cs-vl-suppression.html#cs-vl-suppression-UNSUP">UNSUP</a>
                </td>
                <td>http://openhie.org/fhir/hiv-program-monitoring/CodeSystem/cs-vl-suppression</td>
                <td>Unsuppressed</td>
              </tr>
              <tr>
                <td style="white-space:nowrap">
                  <a name="http---openhie.org-fhir-hiv-program-monitoring-CodeSystem-cs-vl-suppression-UNK"> </a>  
                  <a href="CodeSystem-cs-vl-suppression.html#cs-vl-suppression-UNK">UNK</a>
                </td>
                <td>http://openhie.org/fhir/hiv-program-monitoring/CodeSystem/cs-vl-suppression</td>
                <td>Unknown</td>
              </tr>
            </table>
          </div>
        </text>
        <url value="http://openhie.org/fhir/hiv-program-monitoring/ValueSet/vs-vl-suppression"/>
        <version value="0.1.0-test"/>
        <name value="VSVLSuppression"/>
        <title value="Viral load Suppressions Status"/>
        <status value="active"/>
        <experimental value="false"/>
        <date value="2023-02-09T08:27:41+00:00"/>
        <publisher value="Jembi Health Systems"/>
        <contact>
          <telecom>
            <system value="url"/>
            <value value="https://www.jembi.org"/>
          </telecom>
          <telecom>
            <system value="email"/>
            <value value="info@jembi.org"/>
          </telecom>
        </contact>
        <description value="A list of Viral load Statuses"/>
        <jurisdiction>
          <coding>
            <system value="http://unstats.un.org/unsd/methods/m49/m49.htm"/>
            <code value="001"/>
          </coding>
        </jurisdiction>
        <expansion>
          <identifier value="urn:uuid:cef601a7-e810-41e5-ada0-6f3e27270f70"/>
          <timestamp value="2023-02-09T08:28:01+00:00"/>
          <total value="3"/>
          <parameter>
            <name value="excludeNested"/>
            <valueBoolean value="false"/>
          </parameter>
          <parameter>
            <name value="version"/>
            <valueUri value="http://openhie.org/fhir/hiv-program-monitoring/CodeSystem/cs-vl-suppression|0.1.0-test"/>
          </parameter>
          <contains>
            <system value="http://openhie.org/fhir/hiv-program-monitoring/CodeSystem/cs-vl-suppression"/>
            <code value="S"/>
            <display value="Suppressed"/>
          </contains>
          <contains>
            <system value="http://openhie.org/fhir/hiv-program-monitoring/CodeSystem/cs-vl-suppression"/>
            <code value="UNSUP"/>
            <display value="Unsuppressed"/>
          </contains>
          <contains>
            <system value="http://openhie.org/fhir/hiv-program-monitoring/CodeSystem/cs-vl-suppression"/>
            <code value="UNK"/>
            <display value="Unknown"/>
          </contains>
        </expansion>
      </ValueSet>
    </resource>
  </entry>
</Bundle>