{
  "resourceType" : "Bundle",
  "id" : "1db034f3-8bf1-478c-84d4-85637014d3c0",
  "meta" : {
    "lastUpdated" : "2023-02-17T06:17:41.744+00:00"
  },
  "type" : "collection",
  "entry" : [{
    "fullUrl" : "http://openhie.org/fhir/hiv-program-monitoring/ValueSet/vs-vl-result-code",
    "resource" : {
      "resourceType" : "ValueSet",
      "id" : "vs-vl-result-code",
      "text" : {
        "status" : "generated",
        "div" : "<div xmlns=\"http://www.w3.org/1999/xhtml\"><p>This value set contains 1 concepts</p><p style=\"border: black 1px dotted; background-color: #EEEEEE; padding: 8px; margin-bottom: 8px\">Expansion based on <a href=\"CodeSystem-cs-vl-result-code.html\">Viral Load Result Code v0.1.0-test (CodeSystem)</a></p><table class=\"codes\"><tr><td style=\"white-space:nowrap\"><b>Code</b></td><td><b>System</b></td><td><b>Display</b></td></tr><tr><td style=\"white-space:nowrap\"><a name=\"http---openhie.org-fhir-hiv-program-monitoring-CodeSystem-cs-vl-result-code-VL-RESULT\"> </a>  <a href=\"CodeSystem-cs-vl-result-code.html#cs-vl-result-code-VL-RESULT\">VL-RESULT</a></td><td>http://openhie.org/fhir/hiv-program-monitoring/CodeSystem/cs-vl-result-code</td><td>HIV VL Test Result</td></tr></table></div>"
      },
      "url" : "http://openhie.org/fhir/hiv-program-monitoring/ValueSet/vs-vl-result-code",
      "version" : "0.1.0-test",
      "name" : "VSVLResultCode",
      "title" : "Viral Load Result Code",
      "status" : "active",
      "experimental" : false,
      "date" : "2023-02-17T06:17:41+00:00",
      "publisher" : "Jembi Health Systems",
      "contact" : [{
        "telecom" : [{
          "system" : "url",
          "value" : "https://www.jembi.org"
        },
        {
          "system" : "email",
          "value" : "info@jembi.org"
        }]
      }],
      "description" : "Viral Load Result Code",
      "jurisdiction" : [{
        "coding" : [{
          "system" : "http://unstats.un.org/unsd/methods/m49/m49.htm",
          "code" : "001"
        }]
      }],
      "expansion" : {
        "identifier" : "urn:uuid:389f63e8-b5af-492e-8c86-e79cb8396000",
        "timestamp" : "2023-02-17T06:18:06+00:00",
        "total" : 1,
        "parameter" : [{
          "name" : "excludeNested",
          "valueBoolean" : false
        },
        {
          "name" : "version",
          "valueUri" : "http://openhie.org/fhir/hiv-program-monitoring/CodeSystem/cs-vl-result-code|0.1.0-test"
        }],
        "contains" : [{
          "system" : "http://openhie.org/fhir/hiv-program-monitoring/CodeSystem/cs-vl-result-code",
          "code" : "VL-RESULT",
          "display" : "HIV VL Test Result"
        }]
      }
    }
  },
  {
    "fullUrl" : "http://openhie.org/fhir/hiv-program-monitoring/ValueSet/vs-patient-enrollment-type",
    "resource" : {
      "resourceType" : "ValueSet",
      "id" : "vs-patient-enrollment-type",
      "text" : {
        "status" : "generated",
        "div" : "<div xmlns=\"http://www.w3.org/1999/xhtml\"><p>This value set contains 4 concepts</p><div style=\"border: black 1px dotted; background-color: #EEEEEE; padding: 8px; margin-bottom: 8px\"><p>Expansion based on: </p><ul><li>SNOMED CT International edition 31-Jul 2022</li><li><a href=\"CodeSystem-cs-patient-enrollment-type.html\">Patient Type at Enrolment v0.1.0-test (CodeSystem)</a></li></ul></div><table class=\"codes\"><tr><td style=\"white-space:nowrap\"><b>Code</b></td><td><b>System</b></td><td><b>Display</b></td></tr><tr><td style=\"white-space:nowrap\"><a name=\"http---snomed.info-sct-185387006\"> </a>  <a href=\"http://snomed.info/id/185387006\">185387006</a></td><td>http://snomed.info/sct</td><td>New patient consultation (procedure)</td></tr><tr><td style=\"white-space:nowrap\"><a name=\"http---snomed.info-sct-309037001\"> </a>  <a href=\"http://snomed.info/id/309037001\">309037001</a></td><td>http://snomed.info/sct</td><td>Transfer status (finding)</td></tr><tr><td style=\"white-space:nowrap\"><a name=\"http---openhie.org-fhir-hiv-program-monitoring-CodeSystem-cs-patient-enrollment-type-PMTCT\"> </a>  <a href=\"CodeSystem-cs-patient-enrollment-type.html#cs-patient-enrollment-type-PMTCT\">PMTCT</a></td><td>http://openhie.org/fhir/hiv-program-monitoring/CodeSystem/cs-patient-enrollment-type</td><td>Mother enrolled in PMTCT program</td></tr><tr><td style=\"white-space:nowrap\"><a name=\"http---openhie.org-fhir-hiv-program-monitoring-CodeSystem-cs-patient-enrollment-type-Re-enroll\"> </a>  <a href=\"CodeSystem-cs-patient-enrollment-type.html#cs-patient-enrollment-type-Re-enroll\">Re-enroll</a></td><td>http://openhie.org/fhir/hiv-program-monitoring/CodeSystem/cs-patient-enrollment-type</td><td>Re-enroll</td></tr></table></div>"
      },
      "url" : "http://openhie.org/fhir/hiv-program-monitoring/ValueSet/vs-patient-enrollment-type",
      "version" : "0.1.0-test",
      "name" : "VSPatientEnrollmentType",
      "title" : "Patient Type at Enrolment",
      "status" : "active",
      "experimental" : false,
      "date" : "2023-02-17T06:17:41+00:00",
      "publisher" : "Jembi Health Systems",
      "contact" : [{
        "telecom" : [{
          "system" : "url",
          "value" : "https://www.jembi.org"
        },
        {
          "system" : "email",
          "value" : "info@jembi.org"
        }]
      }],
      "description" : "A list of Patient Types at Enrolment",
      "jurisdiction" : [{
        "coding" : [{
          "system" : "http://unstats.un.org/unsd/methods/m49/m49.htm",
          "code" : "001"
        }]
      }],
      "expansion" : {
        "identifier" : "urn:uuid:aee60b18-7442-476a-a193-e7159f3e933e",
        "timestamp" : "2023-02-17T06:18:06+00:00",
        "total" : 4,
        "parameter" : [{
          "name" : "excludeNested",
          "valueBoolean" : false
        },
        {
          "name" : "limitedExpansion",
          "valueBoolean" : true
        },
        {
          "name" : "version",
          "valueUri" : "http://snomed.info/sct|http://snomed.info/sct/900000000000207008/version/20220731"
        },
        {
          "name" : "version",
          "valueUri" : "http://openhie.org/fhir/hiv-program-monitoring/CodeSystem/cs-patient-enrollment-type|0.1.0-test"
        }],
        "contains" : [{
          "system" : "http://snomed.info/sct",
          "code" : "185387006",
          "display" : "New patient consultation (procedure)"
        },
        {
          "system" : "http://snomed.info/sct",
          "code" : "309037001",
          "display" : "Transfer status (finding)"
        },
        {
          "system" : "http://openhie.org/fhir/hiv-program-monitoring/CodeSystem/cs-patient-enrollment-type",
          "code" : "PMTCT",
          "display" : "Mother enrolled in PMTCT program"
        },
        {
          "system" : "http://openhie.org/fhir/hiv-program-monitoring/CodeSystem/cs-patient-enrollment-type",
          "code" : "Re-enroll",
          "display" : "Re-enroll"
        }]
      }
    }
  },
  {
    "fullUrl" : "http://openhie.org/fhir/hiv-program-monitoring/ValueSet/vs-test-types",
    "resource" : {
      "resourceType" : "ValueSet",
      "id" : "vs-test-types",
      "text" : {
        "status" : "generated",
        "div" : "<div xmlns=\"http://www.w3.org/1999/xhtml\"><p>This value set contains 2 concepts</p><p style=\"border: black 1px dotted; background-color: #EEEEEE; padding: 8px; margin-bottom: 8px\">Expansion based on Loinc v2.73</p><table class=\"codes\"><tr><td style=\"white-space:nowrap\"><b>Code</b></td><td><b>System</b></td><td><b>Display</b></td></tr><tr><td style=\"white-space:nowrap\"><a name=\"http---loinc.org-25842-6\"> </a>  <a href=\"https://loinc.org/25842-6/\">25842-6</a></td><td>http://loinc.org</td><td>HIV 2 proviral DNA [Presence] in Specimen by NAA with probe detection</td></tr><tr><td style=\"white-space:nowrap\"><a name=\"http---loinc.org-25836-8\"> </a>  <a href=\"https://loinc.org/25836-8/\">25836-8</a></td><td>http://loinc.org</td><td>HIV 1 RNA [#/volume] (viral load) in Specimen by NAA with probe detection</td></tr></table></div>"
      },
      "url" : "http://openhie.org/fhir/hiv-program-monitoring/ValueSet/vs-test-types",
      "version" : "0.1.0-test",
      "name" : "VSTestTypes",
      "title" : "Test Types",
      "status" : "active",
      "experimental" : false,
      "date" : "2023-02-17T06:17:41+00:00",
      "publisher" : "Jembi Health Systems",
      "contact" : [{
        "telecom" : [{
          "system" : "url",
          "value" : "https://www.jembi.org"
        },
        {
          "system" : "email",
          "value" : "info@jembi.org"
        }]
      }],
      "description" : "A list of HIV test types",
      "jurisdiction" : [{
        "coding" : [{
          "system" : "http://unstats.un.org/unsd/methods/m49/m49.htm",
          "code" : "001"
        }]
      }],
      "expansion" : {
        "identifier" : "urn:uuid:7d4e130f-2ef0-49ea-bf57-11d87c9c42f7",
        "timestamp" : "2023-02-17T06:18:09+00:00",
        "total" : 2,
        "parameter" : [{
          "name" : "excludeNested",
          "valueBoolean" : false
        },
        {
          "name" : "limitedExpansion",
          "valueBoolean" : true
        },
        {
          "name" : "version",
          "valueUri" : "http://loinc.org|2.73"
        }],
        "contains" : [{
          "system" : "http://loinc.org",
          "code" : "25842-6",
          "display" : "HIV 2 proviral DNA [Presence] in Specimen by NAA with probe detection"
        },
        {
          "system" : "http://loinc.org",
          "code" : "25836-8",
          "display" : "HIV 1 RNA [#/volume] (viral load) in Specimen by NAA with probe detection"
        }]
      }
    }
  },
  {
    "fullUrl" : "http://openhie.org/fhir/hiv-program-monitoring/ValueSet/vs-arvtreatment-activity-type",
    "resource" : {
      "resourceType" : "ValueSet",
      "id" : "vs-arvtreatment-activity-type",
      "text" : {
        "status" : "generated",
        "div" : "<div xmlns=\"http://www.w3.org/1999/xhtml\"><p>This value set contains 1 concepts</p><p style=\"border: black 1px dotted; background-color: #EEEEEE; padding: 8px; margin-bottom: 8px\">Expansion based on Loinc v2.73</p><table class=\"codes\"><tr><td style=\"white-space:nowrap\"><b>Code</b></td><td><b>System</b></td><td><b>Display</b></td></tr><tr><td style=\"white-space:nowrap\"><a name=\"http---loinc.org-45260-7\"> </a>  <a href=\"https://loinc.org/45260-7/\">45260-7</a></td><td>http://loinc.org</td><td>HIV ART medication</td></tr></table></div>"
      },
      "url" : "http://openhie.org/fhir/hiv-program-monitoring/ValueSet/vs-arvtreatment-activity-type",
      "version" : "0.1.0-test",
      "name" : "VSARVMedicationRequest",
      "title" : "ARV Treatment Medication Request",
      "status" : "active",
      "experimental" : false,
      "date" : "2023-02-17T06:17:41+00:00",
      "publisher" : "Jembi Health Systems",
      "contact" : [{
        "telecom" : [{
          "system" : "url",
          "value" : "https://www.jembi.org"
        },
        {
          "system" : "email",
          "value" : "info@jembi.org"
        }]
      }],
      "description" : "ARV Treatment Medication Request",
      "jurisdiction" : [{
        "coding" : [{
          "system" : "http://unstats.un.org/unsd/methods/m49/m49.htm",
          "code" : "001"
        }]
      }],
      "expansion" : {
        "identifier" : "urn:uuid:6a13c2a8-5690-4a6a-8540-e741edaf4cd7",
        "timestamp" : "2023-02-17T06:18:11+00:00",
        "total" : 1,
        "parameter" : [{
          "name" : "excludeNested",
          "valueBoolean" : false
        },
        {
          "name" : "limitedExpansion",
          "valueBoolean" : true
        },
        {
          "name" : "version",
          "valueUri" : "http://loinc.org|2.73"
        }],
        "contains" : [{
          "system" : "http://loinc.org",
          "code" : "45260-7",
          "display" : "HIV ART medication"
        }]
      }
    }
  },
  {
    "fullUrl" : "http://openhie.org/fhir/hiv-program-monitoring/ValueSet/vs-hiv-death",
    "resource" : {
      "resourceType" : "ValueSet",
      "id" : "vs-hiv-death",
      "text" : {
        "status" : "generated",
        "div" : "<div xmlns=\"http://www.w3.org/1999/xhtml\"><p>This value set contains 1 concepts</p><p style=\"border: black 1px dotted; background-color: #EEEEEE; padding: 8px; margin-bottom: 8px\">Expansion based on SNOMED CT International edition 31-Jul 2022</p><table class=\"codes\"><tr><td style=\"white-space:nowrap\"><b>Code</b></td><td><b>System</b></td><td><b>Display</b></td></tr><tr><td style=\"white-space:nowrap\"><a name=\"http---snomed.info-sct-419099009\"> </a>  <a href=\"http://snomed.info/id/419099009\">419099009</a></td><td>http://snomed.info/sct</td><td>Dead (finding)</td></tr></table></div>"
      },
      "url" : "http://openhie.org/fhir/hiv-program-monitoring/ValueSet/vs-hiv-death",
      "version" : "0.1.0-test",
      "name" : "VSHIVDeath",
      "title" : "Death",
      "status" : "active",
      "experimental" : false,
      "date" : "2023-02-17T06:17:41+00:00",
      "publisher" : "Jembi Health Systems",
      "contact" : [{
        "telecom" : [{
          "system" : "url",
          "value" : "https://www.jembi.org"
        },
        {
          "system" : "email",
          "value" : "info@jembi.org"
        }]
      }],
      "description" : "A list of possible HIV deaths",
      "jurisdiction" : [{
        "coding" : [{
          "system" : "http://unstats.un.org/unsd/methods/m49/m49.htm",
          "code" : "001"
        }]
      }],
      "expansion" : {
        "identifier" : "urn:uuid:5fd5bbff-710c-4518-a757-10560699dbd5",
        "timestamp" : "2023-02-17T06:18:16+00:00",
        "total" : 1,
        "parameter" : [{
          "name" : "excludeNested",
          "valueBoolean" : false
        },
        {
          "name" : "limitedExpansion",
          "valueBoolean" : true
        },
        {
          "name" : "version",
          "valueUri" : "http://snomed.info/sct|http://snomed.info/sct/900000000000207008/version/20220731"
        }],
        "contains" : [{
          "system" : "http://snomed.info/sct",
          "code" : "419099009",
          "display" : "Dead (finding)"
        }]
      }
    }
  },
  {
    "fullUrl" : "http://openhie.org/fhir/hiv-program-monitoring/ValueSet/vs-reason-for-assessment-or-test-not-performed",
    "resource" : {
      "resourceType" : "ValueSet",
      "id" : "vs-reason-for-assessment-or-test-not-performed",
      "text" : {
        "status" : "generated",
        "div" : "<div xmlns=\"http://www.w3.org/1999/xhtml\"><p>This value set contains 15 concepts</p><p style=\"border: black 1px dotted; background-color: #EEEEEE; padding: 8px; margin-bottom: 8px\">Expansion based on SNOMED CT International edition 31-Jul 2022</p><table class=\"codes\"><tr><td style=\"white-space:nowrap\"><b>Code</b></td><td><b>System</b></td><td><b>Display</b></td></tr><tr><td style=\"white-space:nowrap\"><a name=\"http---snomed.info-sct-77386006\"> </a>  <a href=\"http://snomed.info/id/77386006\">77386006</a></td><td>http://snomed.info/sct</td><td>Currently pregnant</td></tr><tr><td style=\"white-space:nowrap\"><a name=\"http---snomed.info-sct-428450006\"> </a>  <a href=\"http://snomed.info/id/428450006\">428450006</a></td><td>http://snomed.info/sct</td><td>Repeat</td></tr><tr><td style=\"white-space:nowrap\"><a name=\"http---snomed.info-sct-171111007\"> </a>  <a href=\"http://snomed.info/id/171111007\">171111007</a></td><td>http://snomed.info/sct</td><td>Results not available</td></tr><tr><td style=\"white-space:nowrap\"><a name=\"http---snomed.info-sct-266721009\"> </a>  <a href=\"http://snomed.info/id/266721009\">266721009</a></td><td>http://snomed.info/sct</td><td>Absent response to treatment</td></tr><tr><td style=\"white-space:nowrap\"><a name=\"http---snomed.info-sct-170564007\"> </a>  <a href=\"http://snomed.info/id/170564007\">170564007</a></td><td>http://snomed.info/sct</td><td>Chronic disease - treatment changed (finding)</td></tr><tr><td style=\"white-space:nowrap\"><a name=\"http---snomed.info-sct-413712001\"> </a>  <a href=\"http://snomed.info/id/413712001\">413712001</a></td><td>http://snomed.info/sct</td><td>Breastfeeding (mother) (observable entity)</td></tr><tr><td style=\"white-space:nowrap\"><a name=\"http---snomed.info-sct-315124004\"> </a>  <a href=\"http://snomed.info/id/315124004\">315124004</a></td><td>http://snomed.info/sct</td><td>Baseline Viral Load / Routine Viral Load</td></tr><tr><td style=\"white-space:nowrap\"><a name=\"http---snomed.info-sct-2528003\"> </a>  <a href=\"http://snomed.info/id/2528003\">2528003</a></td><td>http://snomed.info/sct</td><td>Persistent low-Level viraemia</td></tr><tr><td style=\"white-space:nowrap\"><a name=\"http---snomed.info-sct-441510007\"> </a>  <a href=\"http://snomed.info/id/441510007\">441510007</a></td><td>http://snomed.info/sct</td><td>Blood sample coagulated</td></tr><tr><td style=\"white-space:nowrap\"><a name=\"http---snomed.info-sct-123840003\"> </a>  <a href=\"http://snomed.info/id/123840003\">123840003</a></td><td>http://snomed.info/sct</td><td>Contaminated specimen</td></tr><tr><td style=\"white-space:nowrap\"><a name=\"http---snomed.info-sct-397933008\"> </a>  <a href=\"http://snomed.info/id/397933008\">397933008</a></td><td>http://snomed.info/sct</td><td>Equipment failure</td></tr><tr><td style=\"white-space:nowrap\"><a name=\"http---snomed.info-sct-281264009\"> </a>  <a href=\"http://snomed.info/id/281264009\">281264009</a></td><td>http://snomed.info/sct</td><td>Inappropriate sample container used</td></tr><tr><td style=\"white-space:nowrap\"><a name=\"http---snomed.info-sct-281268007\"> </a>  <a href=\"http://snomed.info/id/281268007\">281268007</a></td><td>http://snomed.info/sct</td><td>Insufficient sample</td></tr><tr><td style=\"white-space:nowrap\"><a name=\"http---snomed.info-sct-281265005\"> </a>  <a href=\"http://snomed.info/id/281265005\">281265005</a></td><td>http://snomed.info/sct</td><td>Specimen not labeled</td></tr><tr><td style=\"white-space:nowrap\"><a name=\"http---snomed.info-sct-419182006\"> </a>  <a href=\"http://snomed.info/id/419182006\">419182006</a></td><td>http://snomed.info/sct</td><td>Supplies not available</td></tr></table></div>"
      },
      "url" : "http://openhie.org/fhir/hiv-program-monitoring/ValueSet/vs-reason-for-assessment-or-test-not-performed",
      "version" : "0.1.0-test",
      "name" : "VSReasonForAssessmentOrTestNotPerformed",
      "title" : "Reason for Assessment or Test Not Performed",
      "status" : "active",
      "experimental" : false,
      "date" : "2023-02-17T06:17:41+00:00",
      "publisher" : "Jembi Health Systems",
      "contact" : [{
        "telecom" : [{
          "system" : "url",
          "value" : "https://www.jembi.org"
        },
        {
          "system" : "email",
          "value" : "info@jembi.org"
        }]
      }],
      "description" : "A list of reasons associated with the service request for the lab order",
      "jurisdiction" : [{
        "coding" : [{
          "system" : "http://unstats.un.org/unsd/methods/m49/m49.htm",
          "code" : "001"
        }]
      }],
      "expansion" : {
        "identifier" : "urn:uuid:e1f707f3-4d3c-458e-b0d1-a58b9d0a81b1",
        "timestamp" : "2023-02-17T06:18:16+00:00",
        "total" : 15,
        "parameter" : [{
          "name" : "excludeNested",
          "valueBoolean" : false
        },
        {
          "name" : "limitedExpansion",
          "valueBoolean" : true
        },
        {
          "name" : "version",
          "valueUri" : "http://snomed.info/sct|http://snomed.info/sct/900000000000207008/version/20220731"
        }],
        "contains" : [{
          "system" : "http://snomed.info/sct",
          "code" : "77386006",
          "display" : "Currently pregnant"
        },
        {
          "system" : "http://snomed.info/sct",
          "code" : "428450006",
          "display" : "Repeat"
        },
        {
          "system" : "http://snomed.info/sct",
          "code" : "171111007",
          "display" : "Results not available"
        },
        {
          "system" : "http://snomed.info/sct",
          "code" : "266721009",
          "display" : "Absent response to treatment"
        },
        {
          "system" : "http://snomed.info/sct",
          "code" : "170564007",
          "display" : "Chronic disease - treatment changed (finding)"
        },
        {
          "system" : "http://snomed.info/sct",
          "code" : "413712001",
          "display" : "Breastfeeding (mother) (observable entity)"
        },
        {
          "system" : "http://snomed.info/sct",
          "code" : "315124004",
          "display" : "Baseline Viral Load / Routine Viral Load"
        },
        {
          "system" : "http://snomed.info/sct",
          "code" : "2528003",
          "display" : "Persistent low-Level viraemia"
        },
        {
          "system" : "http://snomed.info/sct",
          "code" : "441510007",
          "display" : "Blood sample coagulated"
        },
        {
          "system" : "http://snomed.info/sct",
          "code" : "123840003",
          "display" : "Contaminated specimen"
        },
        {
          "system" : "http://snomed.info/sct",
          "code" : "397933008",
          "display" : "Equipment failure"
        },
        {
          "system" : "http://snomed.info/sct",
          "code" : "281264009",
          "display" : "Inappropriate sample container used"
        },
        {
          "system" : "http://snomed.info/sct",
          "code" : "281268007",
          "display" : "Insufficient sample"
        },
        {
          "system" : "http://snomed.info/sct",
          "code" : "281265005",
          "display" : "Specimen not labeled"
        },
        {
          "system" : "http://snomed.info/sct",
          "code" : "419182006",
          "display" : "Supplies not available"
        }]
      }
    }
  },
  {
    "fullUrl" : "http://openhie.org/fhir/hiv-program-monitoring/ValueSet/vs-hiv-test-done",
    "resource" : {
      "resourceType" : "ValueSet",
      "id" : "vs-hiv-test-done",
      "text" : {
        "status" : "generated",
        "div" : "<div xmlns=\"http://www.w3.org/1999/xhtml\"><p>This value set contains 1 concepts</p><p style=\"border: black 1px dotted; background-color: #EEEEEE; padding: 8px; margin-bottom: 8px\">Expansion based on SNOMED CT International edition 31-Jul 2022</p><table class=\"codes\"><tr><td style=\"white-space:nowrap\"><b>Code</b></td><td><b>System</b></td><td><b>Display</b></td></tr><tr><td style=\"white-space:nowrap\"><a name=\"http---snomed.info-sct-315124004\"> </a>  <a href=\"http://snomed.info/id/315124004\">315124004</a></td><td>http://snomed.info/sct</td><td>Human immunodeficiency virus viral load (procedure)</td></tr></table></div>"
      },
      "url" : "http://openhie.org/fhir/hiv-program-monitoring/ValueSet/vs-hiv-test-done",
      "version" : "0.1.0-test",
      "name" : "VSHIVTestDone",
      "title" : "HIV Test Done",
      "status" : "active",
      "experimental" : false,
      "date" : "2023-02-17T06:17:41+00:00",
      "publisher" : "Jembi Health Systems",
      "contact" : [{
        "telecom" : [{
          "system" : "url",
          "value" : "https://www.jembi.org"
        },
        {
          "system" : "email",
          "value" : "info@jembi.org"
        }]
      }],
      "description" : "HIV Test Done",
      "jurisdiction" : [{
        "coding" : [{
          "system" : "http://unstats.un.org/unsd/methods/m49/m49.htm",
          "code" : "001"
        }]
      }],
      "expansion" : {
        "identifier" : "urn:uuid:97f1cc15-0abf-4cae-8a3a-3c3386258f72",
        "timestamp" : "2023-02-17T06:18:16+00:00",
        "total" : 1,
        "parameter" : [{
          "name" : "excludeNested",
          "valueBoolean" : false
        },
        {
          "name" : "limitedExpansion",
          "valueBoolean" : true
        },
        {
          "name" : "version",
          "valueUri" : "http://snomed.info/sct|http://snomed.info/sct/900000000000207008/version/20220731"
        }],
        "contains" : [{
          "system" : "http://snomed.info/sct",
          "code" : "315124004",
          "display" : "Human immunodeficiency virus viral load (procedure)"
        }]
      }
    }
  },
  {
    "fullUrl" : "http://openhie.org/fhir/hiv-program-monitoring/ValueSet/vs-artregimen-lines",
    "resource" : {
      "resourceType" : "ValueSet",
      "id" : "vs-artregimen-lines",
      "text" : {
        "status" : "generated",
        "div" : "<div xmlns=\"http://www.w3.org/1999/xhtml\"><p>This value set contains 3 concepts</p><p style=\"border: black 1px dotted; background-color: #EEEEEE; padding: 8px; margin-bottom: 8px\">Expansion based on SNOMED CT International edition 31-Jul 2022</p><table class=\"codes\"><tr><td style=\"white-space:nowrap\"><b>Code</b></td><td><b>System</b></td><td><b>Display</b></td></tr><tr><td style=\"white-space:nowrap\"><a name=\"http---snomed.info-sct-708255002\"> </a>  <a href=\"http://snomed.info/id/708255002\">708255002</a></td><td>http://snomed.info/sct</td><td>First line treatment (procedure)</td></tr><tr><td style=\"white-space:nowrap\"><a name=\"http---snomed.info-sct-708256001\"> </a>  <a href=\"http://snomed.info/id/708256001\">708256001</a></td><td>http://snomed.info/sct</td><td>Second line treatment (procedure)</td></tr><tr><td style=\"white-space:nowrap\"><a name=\"http---snomed.info-sct-708257005\"> </a>  <a href=\"http://snomed.info/id/708257005\">708257005</a></td><td>http://snomed.info/sct</td><td>Third line treatment (procedure)</td></tr></table></div>"
      },
      "url" : "http://openhie.org/fhir/hiv-program-monitoring/ValueSet/vs-artregimen-lines",
      "version" : "0.1.0-test",
      "name" : "VSARTRegimenLines",
      "title" : "ART Regimen Lines",
      "status" : "active",
      "experimental" : false,
      "date" : "2023-02-17T06:17:41+00:00",
      "publisher" : "Jembi Health Systems",
      "contact" : [{
        "telecom" : [{
          "system" : "url",
          "value" : "https://www.jembi.org"
        },
        {
          "system" : "email",
          "value" : "info@jembi.org"
        }]
      }],
      "description" : "A list of ART Regimen Lines",
      "jurisdiction" : [{
        "coding" : [{
          "system" : "http://unstats.un.org/unsd/methods/m49/m49.htm",
          "code" : "001"
        }]
      }],
      "expansion" : {
        "identifier" : "urn:uuid:caec0088-75b5-470c-9c5d-50e608305499",
        "timestamp" : "2023-02-17T06:18:17+00:00",
        "total" : 3,
        "parameter" : [{
          "name" : "excludeNested",
          "valueBoolean" : false
        },
        {
          "name" : "limitedExpansion",
          "valueBoolean" : true
        },
        {
          "name" : "version",
          "valueUri" : "http://snomed.info/sct|http://snomed.info/sct/900000000000207008/version/20220731"
        }],
        "contains" : [{
          "system" : "http://snomed.info/sct",
          "code" : "708255002",
          "display" : "First line treatment (procedure)"
        },
        {
          "system" : "http://snomed.info/sct",
          "code" : "708256001",
          "display" : "Second line treatment (procedure)"
        },
        {
          "system" : "http://snomed.info/sct",
          "code" : "708257005",
          "display" : "Third line treatment (procedure)"
        }]
      }
    }
  },
  {
    "fullUrl" : "http://openhie.org/fhir/hiv-program-monitoring/ValueSet/vs-hiv-diagnosis",
    "resource" : {
      "resourceType" : "ValueSet",
      "id" : "vs-hiv-diagnosis",
      "text" : {
        "status" : "generated",
        "div" : "<div xmlns=\"http://www.w3.org/1999/xhtml\"><p>This value set contains 1 concepts</p><p style=\"border: black 1px dotted; background-color: #EEEEEE; padding: 8px; margin-bottom: 8px\">Expansion based on SNOMED CT International edition 31-Jul 2022</p><table class=\"codes\"><tr><td style=\"white-space:nowrap\"><b>Code</b></td><td><b>System</b></td><td><b>Display</b></td></tr><tr><td style=\"white-space:nowrap\"><a name=\"http---snomed.info-sct-86406008\"> </a>  <a href=\"http://snomed.info/id/86406008\">86406008</a></td><td>http://snomed.info/sct</td><td>Human immunodeficiency virus infection (disorder)</td></tr></table></div>"
      },
      "url" : "http://openhie.org/fhir/hiv-program-monitoring/ValueSet/vs-hiv-diagnosis",
      "version" : "0.1.0-test",
      "name" : "VSHIVDiagnosis",
      "title" : "HIV Diagnosis",
      "status" : "active",
      "experimental" : false,
      "date" : "2023-02-17T06:17:41+00:00",
      "publisher" : "Jembi Health Systems",
      "contact" : [{
        "telecom" : [{
          "system" : "url",
          "value" : "https://www.jembi.org"
        },
        {
          "system" : "email",
          "value" : "info@jembi.org"
        }]
      }],
      "description" : "A list of possible HIV diagnoses",
      "jurisdiction" : [{
        "coding" : [{
          "system" : "http://unstats.un.org/unsd/methods/m49/m49.htm",
          "code" : "001"
        }]
      }],
      "expansion" : {
        "identifier" : "urn:uuid:93c5e1b3-2756-410a-9879-15ba1728b437",
        "timestamp" : "2023-02-17T06:18:21+00:00",
        "total" : 1,
        "parameter" : [{
          "name" : "excludeNested",
          "valueBoolean" : false
        },
        {
          "name" : "limitedExpansion",
          "valueBoolean" : true
        },
        {
          "name" : "version",
          "valueUri" : "http://snomed.info/sct|http://snomed.info/sct/900000000000207008/version/20220731"
        }],
        "contains" : [{
          "system" : "http://snomed.info/sct",
          "code" : "86406008",
          "display" : "Human immunodeficiency virus infection (disorder)"
        }]
      }
    }
  },
  {
    "fullUrl" : "http://openhie.org/fhir/hiv-program-monitoring/ValueSet/vs-careplan-outcome",
    "resource" : {
      "resourceType" : "ValueSet",
      "id" : "vs-careplan-outcome",
      "text" : {
        "status" : "generated",
        "div" : "<div xmlns=\"http://www.w3.org/1999/xhtml\"><p>This value set contains 1 concepts</p><p style=\"border: black 1px dotted; background-color: #EEEEEE; padding: 8px; margin-bottom: 8px\">Expansion based on SNOMED CT International edition 31-Jul 2022</p><table class=\"codes\"><tr><td style=\"white-space:nowrap\"><b>Code</b></td><td><b>System</b></td><td><b>Display</b></td></tr><tr><td style=\"white-space:nowrap\"><a name=\"http---snomed.info-sct-105480006\"> </a>  <a href=\"http://snomed.info/id/105480006\">105480006</a></td><td>http://snomed.info/sct</td><td>Procedure declined by patient (situation)</td></tr></table></div>"
      },
      "url" : "http://openhie.org/fhir/hiv-program-monitoring/ValueSet/vs-careplan-outcome",
      "version" : "0.1.0-test",
      "name" : "VSCarePlanActivityOutcome",
      "title" : "ARV treatment outcomes",
      "status" : "active",
      "experimental" : false,
      "date" : "2023-02-17T06:17:41+00:00",
      "publisher" : "Jembi Health Systems",
      "contact" : [{
        "telecom" : [{
          "system" : "url",
          "value" : "https://www.jembi.org"
        },
        {
          "system" : "email",
          "value" : "info@jembi.org"
        }]
      }],
      "description" : "ARV treatment plan outcomes",
      "jurisdiction" : [{
        "coding" : [{
          "system" : "http://unstats.un.org/unsd/methods/m49/m49.htm",
          "code" : "001"
        }]
      }],
      "expansion" : {
        "identifier" : "urn:uuid:0d20cf35-9cc2-45b7-8a43-c932001cf815",
        "timestamp" : "2023-02-17T06:18:21+00:00",
        "total" : 1,
        "parameter" : [{
          "name" : "excludeNested",
          "valueBoolean" : false
        },
        {
          "name" : "limitedExpansion",
          "valueBoolean" : true
        },
        {
          "name" : "version",
          "valueUri" : "http://snomed.info/sct|http://snomed.info/sct/900000000000207008/version/20220731"
        }],
        "contains" : [{
          "system" : "http://snomed.info/sct",
          "code" : "105480006",
          "display" : "Procedure declined by patient (situation)"
        }]
      }
    }
  },
  {
    "fullUrl" : "http://openhie.org/fhir/hiv-program-monitoring/ValueSet/vs-vl-suppression",
    "resource" : {
      "resourceType" : "ValueSet",
      "id" : "vs-vl-suppression",
      "text" : {
        "status" : "generated",
        "div" : "<div xmlns=\"http://www.w3.org/1999/xhtml\"><p>This value set contains 3 concepts</p><p style=\"border: black 1px dotted; background-color: #EEEEEE; padding: 8px; margin-bottom: 8px\">Expansion based on <a href=\"CodeSystem-cs-vl-suppression.html\">Viral load Suppressions Status v0.1.0-test (CodeSystem)</a></p><table class=\"codes\"><tr><td style=\"white-space:nowrap\"><b>Code</b></td><td><b>System</b></td><td><b>Display</b></td></tr><tr><td style=\"white-space:nowrap\"><a name=\"http---openhie.org-fhir-hiv-program-monitoring-CodeSystem-cs-vl-suppression-S\"> </a>  <a href=\"CodeSystem-cs-vl-suppression.html#cs-vl-suppression-S\">S</a></td><td>http://openhie.org/fhir/hiv-program-monitoring/CodeSystem/cs-vl-suppression</td><td>Suppressed</td></tr><tr><td style=\"white-space:nowrap\"><a name=\"http---openhie.org-fhir-hiv-program-monitoring-CodeSystem-cs-vl-suppression-UNSUP\"> </a>  <a href=\"CodeSystem-cs-vl-suppression.html#cs-vl-suppression-UNSUP\">UNSUP</a></td><td>http://openhie.org/fhir/hiv-program-monitoring/CodeSystem/cs-vl-suppression</td><td>Unsuppressed</td></tr><tr><td style=\"white-space:nowrap\"><a name=\"http---openhie.org-fhir-hiv-program-monitoring-CodeSystem-cs-vl-suppression-UNK\"> </a>  <a href=\"CodeSystem-cs-vl-suppression.html#cs-vl-suppression-UNK\">UNK</a></td><td>http://openhie.org/fhir/hiv-program-monitoring/CodeSystem/cs-vl-suppression</td><td>Unknown</td></tr></table></div>"
      },
      "url" : "http://openhie.org/fhir/hiv-program-monitoring/ValueSet/vs-vl-suppression",
      "version" : "0.1.0-test",
      "name" : "VSVLSuppression",
      "title" : "Viral load Suppressions Status",
      "status" : "active",
      "experimental" : false,
      "date" : "2023-02-17T06:17:41+00:00",
      "publisher" : "Jembi Health Systems",
      "contact" : [{
        "telecom" : [{
          "system" : "url",
          "value" : "https://www.jembi.org"
        },
        {
          "system" : "email",
          "value" : "info@jembi.org"
        }]
      }],
      "description" : "A list of Viral load Statuses",
      "jurisdiction" : [{
        "coding" : [{
          "system" : "http://unstats.un.org/unsd/methods/m49/m49.htm",
          "code" : "001"
        }]
      }],
      "expansion" : {
        "identifier" : "urn:uuid:b748222e-f305-4005-9051-467fff0e0e92",
        "timestamp" : "2023-02-17T06:18:21+00:00",
        "total" : 3,
        "parameter" : [{
          "name" : "excludeNested",
          "valueBoolean" : false
        },
        {
          "name" : "version",
          "valueUri" : "http://openhie.org/fhir/hiv-program-monitoring/CodeSystem/cs-vl-suppression|0.1.0-test"
        }],
        "contains" : [{
          "system" : "http://openhie.org/fhir/hiv-program-monitoring/CodeSystem/cs-vl-suppression",
          "code" : "S",
          "display" : "Suppressed"
        },
        {
          "system" : "http://openhie.org/fhir/hiv-program-monitoring/CodeSystem/cs-vl-suppression",
          "code" : "UNSUP",
          "display" : "Unsuppressed"
        },
        {
          "system" : "http://openhie.org/fhir/hiv-program-monitoring/CodeSystem/cs-vl-suppression",
          "code" : "UNK",
          "display" : "Unknown"
        }]
      }
    }
  },
  {
    "fullUrl" : "http://openhie.org/fhir/hiv-program-monitoring/ValueSet/vs-specimen-type",
    "resource" : {
      "resourceType" : "ValueSet",
      "id" : "vs-specimen-type",
      "text" : {
        "status" : "generated",
        "div" : "<div xmlns=\"http://www.w3.org/1999/xhtml\"><p>This value set contains 1 concepts</p><p style=\"border: black 1px dotted; background-color: #EEEEEE; padding: 8px; margin-bottom: 8px\">Expansion based on SNOMED CT International edition 31-Jul 2022</p><table class=\"codes\"><tr><td style=\"white-space:nowrap\"><b>Code</b></td><td><b>System</b></td><td><b>Display</b></td></tr><tr><td style=\"white-space:nowrap\"><a name=\"http---snomed.info-sct-395058002\"> </a>  <a href=\"http://snomed.info/id/395058002\">395058002</a></td><td>http://snomed.info/sct</td><td>Procedure by intent (procedure)</td></tr></table></div>"
      },
      "url" : "http://openhie.org/fhir/hiv-program-monitoring/ValueSet/vs-specimen-type",
      "version" : "0.1.0-test",
      "name" : "VSSpecimenType",
      "title" : "Specimen type used in Viral Load testing",
      "status" : "active",
      "experimental" : false,
      "date" : "2023-02-17T06:17:41+00:00",
      "publisher" : "Jembi Health Systems",
      "contact" : [{
        "telecom" : [{
          "system" : "url",
          "value" : "https://www.jembi.org"
        },
        {
          "system" : "email",
          "value" : "info@jembi.org"
        }]
      }],
      "description" : "Specimen type used in Viral Load testing",
      "jurisdiction" : [{
        "coding" : [{
          "system" : "http://unstats.un.org/unsd/methods/m49/m49.htm",
          "code" : "001"
        }]
      }],
      "expansion" : {
        "identifier" : "urn:uuid:ed726e01-33c8-4801-b5c9-6000a2de9213",
        "timestamp" : "2023-02-17T06:18:22+00:00",
        "total" : 1,
        "parameter" : [{
          "name" : "excludeNested",
          "valueBoolean" : false
        },
        {
          "name" : "limitedExpansion",
          "valueBoolean" : true
        },
        {
          "name" : "version",
          "valueUri" : "http://snomed.info/sct|http://snomed.info/sct/900000000000207008/version/20220731"
        }],
        "contains" : [{
          "system" : "http://snomed.info/sct",
          "code" : "395058002",
          "display" : "Procedure by intent (procedure)"
        }]
      }
    }
  }]
}