{
  "resourceType" : "Encounter",
  "id" : "HIVEncounterExample",
  "meta" : {
    "profile" : ["http://openhie.org/fhir/hiv-program-monitoring/StructureDefinition/hiv-encounter"]
  },
  "text" : {
    "status" : "extensions",
    "div" : "<div xmlns=\"http://www.w3.org/1999/xhtml\"><p><b>Generated Narrative: Encounter</b><a name=\"HIVEncounterExample\"> </a></p><div style=\"display: inline-block; background-color: #d9e0e7; padding: 6px; margin: 4px; border: 1px solid #8da1b4; border-radius: 5px; line-height: 60%\"><p style=\"margin-bottom: 0px\">Resource Encounter &quot;HIVEncounterExample&quot; </p><p style=\"margin-bottom: 0px\">Profile: <a href=\"StructureDefinition-hiv-encounter.html\">HIV Diagnosis Encounter</a></p></div><p><b>Next Appointment Date</b>: 2022-10-22</p><p><b>status</b>: finished</p><p><b>class</b>: pre-admission (Details: http://terminology.hl7.org/CodeSystem/v3-ActCode code PRENC = 'pre-admission', stated as 'null')</p><p><b>subject</b>: <a href=\"Patient-HIVPatientExample.html\">Patient/HIVPatientExample</a> &quot; SMITH&quot;</p><p><b>period</b>: 2022-07-28 --&gt; 2022-07-28</p><p><b>serviceProvider</b>: <a href=\"Organization-HIVOrganizationExample.html\">Organization/HIVOrganizationExample</a> &quot;HIV Test Services Health Facility&quot;</p></div>"
  },
  "extension" : [{
    "url" : "http://openhie.org/fhir/hiv-program-monitoring/StructureDefinition/hiv-care-next-visit",
    "valueDateTime" : "2022-10-22"
  }],
  "status" : "finished",
  "class" : {
    "system" : "http://terminology.hl7.org/CodeSystem/v3-ActCode",
    "code" : "PRENC"
  },
  "subject" : {
    "reference" : "Patient/HIVPatientExample"
  },
  "period" : {
    "start" : "2022-07-28",
    "end" : "2022-07-28"
  },
  "serviceProvider" : {
    "reference" : "Organization/HIVOrganizationExample"
  }
}