{
  "resourceType" : "Condition",
  "id" : "HIVDiagnosisExample",
  "meta" : {
    "profile" : ["http://openhie.org/fhir/hiv-program-monitoring/StructureDefinition/hiv-diagnosis"]
  },
  "text" : {
    "status" : "generated",
    "div" : "<div xmlns=\"http://www.w3.org/1999/xhtml\"><p><b>Generated Narrative: Condition</b><a name=\"HIVDiagnosisExample\"> </a></p><div style=\"display: inline-block; background-color: #d9e0e7; padding: 6px; margin: 4px; border: 1px solid #8da1b4; border-radius: 5px; line-height: 60%\"><p style=\"margin-bottom: 0px\">Resource Condition &quot;HIVDiagnosisExample&quot; </p><p style=\"margin-bottom: 0px\">Profile: <a href=\"StructureDefinition-hiv-diagnosis.html\">Diagnosis</a></p></div><p><b>identifier</b>: id: abc123</p><p><b>clinicalStatus</b>: Active <span style=\"background: LightGoldenRodYellow; margin: 4px; border: 1px solid khaki\"> (<a href=\"http://terminology.hl7.org/5.0.0/CodeSystem-condition-clinical.html\">Condition Clinical Status Codes</a>#active)</span></p><p><b>verificationStatus</b>: Confirmed <span style=\"background: LightGoldenRodYellow; margin: 4px; border: 1px solid khaki\"> (<a href=\"http://terminology.hl7.org/5.0.0/CodeSystem-condition-ver-status.html\">ConditionVerificationStatus</a>#confirmed)</span></p><p><b>code</b>: Human immunodeficiency virus infection <span style=\"background: LightGoldenRodYellow; margin: 4px; border: 1px solid khaki\"> (<a href=\"https://browser.ihtsdotools.org/\">SNOMED CT</a>#86406008)</span></p><p><b>subject</b>: <a href=\"Patient-HIVPatientExample.html\">Patient/HIVPatientExample</a> &quot; SMITH&quot;</p><p><b>encounter</b>: <a href=\"Encounter-TargetFacilityEncounterExample.html\">Encounter/TargetFacilityEncounterExample</a></p><p><b>recordedDate</b>: 2021-05-18</p><p><b>note</b>: Additional information regarding the HIV diagnosis (By Organization/HIVOrganizationExample @Feb 7, 2015, 6:28:17 PM)</p></div>"
  },
  "identifier" : [{
    "system" : "http://openhie.org/fhir/hiv-program-monitoring/identifier/hiv-diagnosis",
    "value" : "abc123"
  }],
  "clinicalStatus" : {
    "coding" : [{
      "system" : "http://terminology.hl7.org/CodeSystem/condition-clinical",
      "code" : "active"
    }]
  },
  "verificationStatus" : {
    "coding" : [{
      "system" : "http://terminology.hl7.org/CodeSystem/condition-ver-status",
      "code" : "confirmed"
    }]
  },
  "code" : {
    "coding" : [{
      "system" : "http://snomed.info/sct",
      "code" : "86406008"
    }]
  },
  "subject" : {
    "reference" : "Patient/HIVPatientExample"
  },
  "encounter" : {
    "reference" : "Encounter/TargetFacilityEncounterExample"
  },
  "recordedDate" : "2021-05-18",
  "note" : [{
    "authorReference" : {
      "reference" : "Organization/HIVOrganizationExample"
    },
    "time" : "2015-02-07T13:28:17-05:00",
    "text" : "Additional information regarding the HIV diagnosis"
  }]
}