<?xml version="1.0" encoding="UTF-8"?><ValueSet xmlns="http://hl7.org/fhir"><id value="vs-condition"/><text><status value="generated"/><div xmlns="http://www.w3.org/1999/xhtml"><ul><li>Include these codes as defined in <a href="http://www.snomed.org/"><code>http://snomed.info/sct</code></a><table class="none"><tr><td style="white-space:nowrap"><b>Code</b></td><td><b>Display</b></td></tr><tr><td><a href="http://snomed.info/id/86406008">86406008</a></td><td>Human immunodeficiency virus infection (disorder)</td></tr></table></li></ul></div></text><url value="http://openhie.org/fhir/hiv-program-monitoring/ValueSet/vs-condition"/><version value="0.2.0"/><name value="VSCondition"/><title value="Conditions"/><status value="active"/><experimental value="false"/><date value="2023-03-01T07:12:59+00:00"/><publisher value="Jembi Health Systems"/><contact><telecom><system value="url"/><value value="https://www.jembi.org"/></telecom><telecom><system value="email"/><value value="info@jembi.org"/></telecom></contact><description value="A list of possible HIV conditions."/><jurisdiction><coding><system value="http://unstats.un.org/unsd/methods/m49/m49.htm"/><code value="001"/></coding></jurisdiction><compose><include><system value="http://snomed.info/sct"/><concept><code value="86406008"/><display value="Human immunodeficiency virus infection (disorder)"/></concept></include></compose></ValueSet>