{
  "resourceType" : "CarePlan",
  "id" : "ARVTreatmentExample",
  "meta" : {
    "profile" : ["http://openhie.org/fhir/hiv-program-monitoring/StructureDefinition/hiv-arv-treatment"]
  },
  "text" : {
    "status" : "generated",
    "div" : "<div xmlns=\"http://www.w3.org/1999/xhtml\"><p><b>Generated Narrative: CarePlan</b><a name=\"ARVTreatmentExample\"> </a></p><div style=\"display: inline-block; background-color: #d9e0e7; padding: 6px; margin: 4px; border: 1px solid #8da1b4; border-radius: 5px; line-height: 60%\"><p style=\"margin-bottom: 0px\">Resource CarePlan &quot;ARVTreatmentExample&quot; </p><p style=\"margin-bottom: 0px\">Profile: <a href=\"StructureDefinition-hiv-arv-treatment.html\">ARV Treatment</a></p></div><p><b>status</b>: active</p><p><b>intent</b>: plan</p><p><b>subject</b>: <a href=\"Patient-HIVPatientExample.html\">Patient/HIVPatientExample</a> &quot; SMITH&quot;</p><p><b>encounter</b>: <a href=\"Encounter-TargetFacilityEncounterExample.html\">Encounter/TargetFacilityEncounterExample</a></p><p><b>period</b>: 2022-12-01 --&gt; 2022-12-01</p><blockquote><p><b>activity</b></p><h3>Details</h3><table class=\"grid\"><tr><td>-</td><td><b>Extension</b></td><td><b>Kind</b></td><td><b>Code</b></td><td><b>Status</b></td><td><b>Scheduled[x]</b></td><td><b>Product[x]</b></td></tr><tr><td>*</td><td/><td>MedicationRequest</td><td>HIV ART medication <span style=\"background: LightGoldenRodYellow; margin: 4px; border: 1px solid khaki\"> (<a href=\"https://loinc.org/\">LOINC</a>#45260-7)</span></td><td>in-progress</td><td>2023-01-01 --&gt; 2023-01-01</td><td>Abacavir (substance) <span style=\"background: LightGoldenRodYellow; margin: 4px; border: 1px solid khaki\"> (<a href=\"https://browser.ihtsdotools.org/\">SNOMED CT</a>#387005008)</span></td></tr></table></blockquote><p><b>note</b>: Additional information regarding the ARV treatment prescribed (By Organization/HIVOrganizationExample @Feb 7, 2015, 6:28:17 PM)</p></div>"
  },
  "status" : "active",
  "intent" : "plan",
  "subject" : {
    "reference" : "Patient/HIVPatientExample"
  },
  "encounter" : {
    "reference" : "Encounter/TargetFacilityEncounterExample"
  },
  "period" : {
    "start" : "2022-12-01",
    "end" : "2022-12-01"
  },
  "activity" : [{
    "detail" : {
      "extension" : [{
        "url" : "http://openhie.org/fhir/hiv-program-monitoring/StructureDefinition/art-regimen-line",
        "valueCodeableConcept" : {
          "coding" : [{
            "system" : "http://snomed.info/sct",
            "code" : "708255002"
          }]
        }
      }],
      "kind" : "MedicationRequest",
      "code" : {
        "coding" : [{
          "system" : "http://loinc.org",
          "code" : "45260-7"
        }]
      },
      "status" : "in-progress",
      "scheduledPeriod" : {
        "start" : "2023-01-01",
        "end" : "2023-01-01"
      },
      "productCodeableConcept" : {
        "coding" : [{
          "system" : "http://snomed.info/sct",
          "code" : "387005008"
        }]
      }
    }
  }],
  "note" : [{
    "authorReference" : {
      "reference" : "Organization/HIVOrganizationExample"
    },
    "time" : "2015-02-07T13:28:17-05:00",
    "text" : "Additional information regarding the ARV treatment prescribed"
  }]
}