<?xml version="1.0" encoding="UTF-8"?>

<Task xmlns="http://hl7.org/fhir">
  <id value="HIVLabResultTaskExample"/>
  <meta>
    <profile value="http://openhie.org/fhir/hiv-program-monitoring/StructureDefinition/hiv-lab-task"/>
  </meta>
  <text>
    <status value="generated"/><div xmlns="http://www.w3.org/1999/xhtml"><p><b>Generated Narrative: Task</b><a name="HIVLabResultTaskExample"> </a></p><div style="display: inline-block; background-color: #d9e0e7; padding: 6px; margin: 4px; border: 1px solid #8da1b4; border-radius: 5px; line-height: 60%"><p style="margin-bottom: 0px">Resource Task &quot;HIVLabResultTaskExample&quot; </p><p style="margin-bottom: 0px">Profile: <a href="StructureDefinition-hiv-lab-task.html">Lab Task</a></p></div><p><b>identifier</b>: Filler Identifier: ORDER12345</p><p><b>basedOn</b>: <a href="ServiceRequest-HIVServiceRequestExample.html">ServiceRequest/HIVServiceRequestExample</a></p><p><b>status</b>: completed</p><p><b>intent</b>: order</p><p><b>executionPeriod</b>: ?? --&gt; 2022-07-30</p><p><b>lastModified</b>: 2022-07-30</p><p><b>requester</b>: <a href="Organization-HIVOrganizationExample.html">Organization/HIVOrganizationExample</a> &quot;HIV Test Services Health Facility&quot;</p><p><b>owner</b>: <a href="Organization-HIVOrganizationExample.html">Organization/HIVOrganizationExample</a> &quot;HIV Test Services Health Facility&quot;</p><p><b>note</b>: additional notes here (By Organization/HIVOrganizationExample @Feb 7, 2015, 6:28:17 PM)</p><h3>Outputs</h3><table class="grid"><tr><td>-</td><td><b>Type</b></td><td><b>Value[x]</b></td></tr><tr><td>*</td><td>HIV 1 nucleic acid assay <span style="background: LightGoldenRodYellow; margin: 4px; border: 1px solid khaki"> (<a href="https://browser.ihtsdotools.org/">SNOMED CT</a>#398579006)</span></td><td><a href="DiagnosticReport-HIVLabResultsDiagnosticReportExample.html">DiagnosticReport/HIVLabResultsDiagnosticReportExample</a></td></tr></table></div>
  </text>
  <identifier>
    <type>
      <coding>
        <system value="http://terminology.hl7.org/CodeSystem/v2-0203"/>
        <code value="FILL"/>
      </coding>
    </type>
    <system value="http://openhie.org/fhir/hiv-program-monitoring/lab-integration/order-id"/>
    <value value="ORDER12345"/>
  </identifier>
  <basedOn>
    <reference value="ServiceRequest/HIVServiceRequestExample"/>
  </basedOn>
  <status value="completed"/>
  <intent value="order"/>
  <executionPeriod>
    <end value="2022-07-30"/>
  </executionPeriod>
  <lastModified value="2022-07-30"/>
  <requester>
    <reference value="Organization/HIVOrganizationExample"/>
  </requester>
  <owner>
    <reference value="Organization/HIVOrganizationExample"/>
  </owner>
  <note>
    <authorReference>
      <reference value="Organization/HIVOrganizationExample"/>
    </authorReference>
    <time value="2015-02-07T13:28:17-05:00"/>
    <text value="additional notes here"/>
  </note>
  <output>
    <type>
      <coding>
        <system value="http://snomed.info/sct"/>
        <code value="398579006"/>
      </coding>
    </type>
    <valueReference>
      <reference value="DiagnosticReport/HIVLabResultsDiagnosticReportExample"/>
    </valueReference>
  </output>
</Task>