{
  "resourceType" : "Task",
  "id" : "HIVLabResultTaskExample",
  "meta" : {
    "profile" : ["http://openhie.org/fhir/hiv-program-monitoring/StructureDefinition/hiv-lab-task"]
  },
  "text" : {
    "status" : "generated",
    "div" : "<div xmlns=\"http://www.w3.org/1999/xhtml\"><p><b>Generated Narrative: Task</b><a name=\"HIVLabResultTaskExample\"> </a></p><div style=\"display: inline-block; background-color: #d9e0e7; padding: 6px; margin: 4px; border: 1px solid #8da1b4; border-radius: 5px; line-height: 60%\"><p style=\"margin-bottom: 0px\">Resource Task &quot;HIVLabResultTaskExample&quot; </p><p style=\"margin-bottom: 0px\">Profile: <a href=\"StructureDefinition-hiv-lab-task.html\">Lab Task</a></p></div><p><b>identifier</b>: id: ORDER12345</p><p><b>basedOn</b>: <a href=\"ServiceRequest-HIVServiceRequestExample.html\">ServiceRequest/HIVServiceRequestExample</a></p><p><b>status</b>: completed</p><p><b>intent</b>: order</p><p><b>executionPeriod</b>: ?? --&gt; 2022-07-30</p><p><b>lastModified</b>: 2022-07-30</p><p><b>requester</b>: <a href=\"Organization-HIVOrganizationExample.html\">Organization/HIVOrganizationExample</a> &quot;HIV Test Services Health Facility&quot;</p><p><b>owner</b>: <a href=\"Organization-HIVOrganizationExample.html\">Organization/HIVOrganizationExample</a> &quot;HIV Test Services Health Facility&quot;</p><p><b>note</b>: additional notes here (By Organization/HIVOrganizationExample @Feb 7, 2015, 6:28:17 PM)</p><h3>Outputs</h3><table class=\"grid\"><tr><td>-</td><td><b>Type</b></td><td><b>Value[x]</b></td></tr><tr><td>*</td><td>HIV VL Test Result <span style=\"background: LightGoldenRodYellow; margin: 4px; border: 1px solid khaki\"> (<a href=\"CodeSystem-cs-vl-result-code.html\">Viral Load Result Code</a>#VL-RESULT)</span></td><td><a href=\"DiagnosticReport-HIVLabResultsDiagnosticReportExample.html\">DiagnosticReport/HIVLabResultsDiagnosticReportExample</a></td></tr></table></div>"
  },
  "identifier" : [{
    "system" : "http://openhie.org/fhir/hiv-program-monitoring/lab-integration/test-order-number",
    "value" : "ORDER12345"
  }],
  "basedOn" : [{
    "reference" : "ServiceRequest/HIVServiceRequestExample"
  }],
  "status" : "completed",
  "intent" : "order",
  "executionPeriod" : {
    "end" : "2022-07-30"
  },
  "lastModified" : "2022-07-30",
  "requester" : {
    "reference" : "Organization/HIVOrganizationExample"
  },
  "owner" : {
    "reference" : "Organization/HIVOrganizationExample"
  },
  "note" : [{
    "authorReference" : {
      "reference" : "Organization/HIVOrganizationExample"
    },
    "time" : "2015-02-07T13:28:17-05:00",
    "text" : "additional notes here"
  }],
  "output" : [{
    "type" : {
      "coding" : [{
        "system" : "http://openhie.org/fhir/hiv-program-monitoring/CodeSystem/cs-vl-result-code",
        "code" : "VL-RESULT"
      }]
    },
    "valueReference" : {
      "reference" : "DiagnosticReport/HIVLabResultsDiagnosticReportExample"
    }
  }]
}