<?xml version="1.0" encoding="UTF-8"?><CodeSystem xmlns="http://hl7.org/fhir"><id value="cs-vl-suppression"/><text><status value="generated"/><div xmlns="http://www.w3.org/1999/xhtml"><p>This code system <code>http://openhie.org/fhir/hiv-program-monitoring/CodeSystem/cs-vl-suppression</code> defines the following codes:</p><table class="codes"><tr><td style="white-space:nowrap"><b>Code</b></td><td><b>Display</b></td></tr><tr><td style="white-space:nowrap">S<a name="cs-vl-suppression-S"> </a></td><td>Suppressed</td></tr><tr><td style="white-space:nowrap">UNSUP<a name="cs-vl-suppression-UNSUP"> </a></td><td>Unsuppressed</td></tr><tr><td style="white-space:nowrap">UNK<a name="cs-vl-suppression-UNK"> </a></td><td>Unknown</td></tr></table></div></text><url value="http://openhie.org/fhir/hiv-program-monitoring/CodeSystem/cs-vl-suppression"/><version value="0.1.0-test"/><name value="CSVLSuppression"/><title value="Viral load Suppressions Status"/><status value="active"/><experimental value="false"/><date value="2023-02-18T10:12:19+00:00"/><publisher value="Jembi Health Systems"/><contact><telecom><system value="url"/><value value="https://www.jembi.org"/></telecom><telecom><system value="email"/><value value="info@jembi.org"/></telecom></contact><description value="A list of Viral load Statuses"/><jurisdiction><coding><system value="http://unstats.un.org/unsd/methods/m49/m49.htm"/><code value="001"/></coding></jurisdiction><caseSensitive value="true"/><content value="complete"/><count value="3"/><concept><code value="S"/><display value="Suppressed"/></concept><concept><code value="UNSUP"/><display value="Unsuppressed"/></concept><concept><code value="UNK"/><display value="Unknown"/></concept></CodeSystem>