<?xml version="1.0" encoding="UTF-8"?><CodeSystem xmlns="http://hl7.org/fhir"><id value="cs-vl-result-code"/><text><status value="generated"/><div xmlns="http://www.w3.org/1999/xhtml"><p>This code system <code>http://openhie.org/fhir/hiv-program-monitoring/CodeSystem/cs-vl-result-code</code> defines the following codes:</p><table class="codes"><tr><td style="white-space:nowrap"><b>Code</b></td><td><b>Display</b></td></tr><tr><td style="white-space:nowrap">VL-RESULT<a name="cs-vl-result-code-VL-RESULT"> </a></td><td>HIV VL Test Result</td></tr></table></div></text><url value="http://openhie.org/fhir/hiv-program-monitoring/CodeSystem/cs-vl-result-code"/><version value="0.1.0-test"/><name value="CSVLResultCode"/><title value="Viral Load Result Code"/><status value="active"/><experimental value="false"/><date value="2023-02-09T08:27:41+00:00"/><publisher value="Jembi Health Systems"/><contact><telecom><system value="url"/><value value="https://www.jembi.org"/></telecom><telecom><system value="email"/><value value="info@jembi.org"/></telecom></contact><description value="Viral Load Result Code"/><jurisdiction><coding><system value="http://unstats.un.org/unsd/methods/m49/m49.htm"/><code value="001"/></coding></jurisdiction><caseSensitive value="true"/><content value="complete"/><count value="1"/><concept><code value="VL-RESULT"/><display value="HIV VL Test Result"/></concept></CodeSystem>