<?xml version="1.0" encoding="UTF-8"?><ValueSet xmlns="http://hl7.org/fhir"><id value="vs-vl-result-code"/><text><status value="generated"/><div xmlns="http://www.w3.org/1999/xhtml"><ul><li>Include all codes defined in <a href="CodeSystem-cs-vl-result-code.html"><code>http://openhie.org/fhir/hiv-program-monitoring/CodeSystem/cs-vl-result-code</code></a></li></ul></div></text><url value="http://openhie.org/fhir/hiv-program-monitoring/ValueSet/vs-vl-result-code"/><version value="0.1.0-test"/><name value="VSVLResultCode"/><title value="Viral Load Result Code"/><status value="active"/><experimental value="false"/><date value="2023-02-16T09:05:53+00:00"/><publisher value="Jembi Health Systems"/><contact><telecom><system value="url"/><value value="https://www.jembi.org"/></telecom><telecom><system value="email"/><value value="info@jembi.org"/></telecom></contact><description value="Viral Load Result Code"/><jurisdiction><coding><system value="http://unstats.un.org/unsd/methods/m49/m49.htm"/><code value="001"/></coding></jurisdiction><compose><include><system value="http://openhie.org/fhir/hiv-program-monitoring/CodeSystem/cs-vl-result-code"/></include></compose></ValueSet>