<?xml version="1.0" encoding="UTF-8"?><ValueSet xmlns="http://hl7.org/fhir"><id value="vs-vl-suppression"/><text><status value="generated"/><div xmlns="http://www.w3.org/1999/xhtml"><ul><li>Include all codes defined in <a href="CodeSystem-cs-vl-suppression.html"><code>http://openhie.org/fhir/hiv-program-monitoring/CodeSystem/cs-vl-suppression</code></a></li></ul></div></text><url value="http://openhie.org/fhir/hiv-program-monitoring/ValueSet/vs-vl-suppression"/><version value="0.1.0-test"/><name value="VSVLSuppression"/><title value="Viral load Suppressions Status"/><status value="active"/><experimental value="false"/><date value="2023-02-16T08:22:59+00:00"/><publisher value="Jembi Health Systems"/><contact><telecom><system value="url"/><value value="https://www.jembi.org"/></telecom><telecom><system value="email"/><value value="info@jembi.org"/></telecom></contact><description value="A list of Viral load Statuses"/><jurisdiction><coding><system value="http://unstats.un.org/unsd/methods/m49/m49.htm"/><code value="001"/></coding></jurisdiction><compose><include><system value="http://openhie.org/fhir/hiv-program-monitoring/CodeSystem/cs-vl-suppression"/></include></compose></ValueSet>