<?xml version="1.0" encoding="UTF-8"?><ValueSet xmlns="http://hl7.org/fhir"><id value="vs-careplan-outcome"/><text><status value="generated"/><div xmlns="http://www.w3.org/1999/xhtml"><ul><li>Include these codes as defined in <a href="http://www.snomed.org/"><code>http://snomed.info/sct</code></a><table class="none"><tr><td style="white-space:nowrap"><b>Code</b></td><td><b>Display</b></td></tr><tr><td><a href="http://snomed.info/id/105480006">105480006</a></td><td>Procedure declined by patient (situation)</td></tr></table></li></ul></div></text><url value="http://openhie.org/fhir/hiv-program-monitoring/ValueSet/vs-careplan-outcome"/><version value="0.1.0-test"/><name value="VSCarePlanActivityOutcome"/><title value="ARV treatment outcomes"/><status value="active"/><experimental value="false"/><date value="2023-02-27T06:39:33+00:00"/><publisher value="Jembi Health Systems"/><contact><telecom><system value="url"/><value value="https://www.jembi.org"/></telecom><telecom><system value="email"/><value value="info@jembi.org"/></telecom></contact><description value="A list of possible ARV treatment outcomes."/><jurisdiction><coding><system value="http://unstats.un.org/unsd/methods/m49/m49.htm"/><code value="001"/></coding></jurisdiction><compose><include><system value="http://snomed.info/sct"/><concept><code value="105480006"/><display value="Procedure declined by patient (situation)"/></concept></include></compose></ValueSet>