<?xml version="1.0" encoding="UTF-8"?>

<CarePlan xmlns="http://hl7.org/fhir">
  <id value="ARVTreatmentExample"/>
  <meta>
    <profile value="http://openhie.org/fhir/hiv-program-monitoring/StructureDefinition/hiv-arv-treatment"/>
  </meta>
  <text>
    <status value="generated"/><div xmlns="http://www.w3.org/1999/xhtml"><p><b>Generated Narrative: CarePlan</b><a name="ARVTreatmentExample"> </a></p><div style="display: inline-block; background-color: #d9e0e7; padding: 6px; margin: 4px; border: 1px solid #8da1b4; border-radius: 5px; line-height: 60%"><p style="margin-bottom: 0px">Resource CarePlan &quot;ARVTreatmentExample&quot; </p><p style="margin-bottom: 0px">Profile: <a href="StructureDefinition-hiv-arv-treatment.html">ARV Treatment</a></p></div><p><b>status</b>: active</p><p><b>intent</b>: plan</p><p><b>subject</b>: <a href="Patient-HIVPatientExample.html">Patient/HIVPatientExample</a> &quot; SMITH&quot;</p><p><b>encounter</b>: <a href="Encounter-TargetFacilityEncounterExample.html">Encounter/TargetFacilityEncounterExample</a></p><p><b>period</b>: 2022-12-01 --&gt; 2022-12-01</p><blockquote><p><b>activity</b></p><h3>Details</h3><table class="grid"><tr><td>-</td><td><b>Extension</b></td><td><b>Kind</b></td><td><b>Code</b></td><td><b>Status</b></td><td><b>Scheduled[x]</b></td><td><b>Product[x]</b></td></tr><tr><td>*</td><td/><td>MedicationRequest</td><td>HIV ART medication <span style="background: LightGoldenRodYellow; margin: 4px; border: 1px solid khaki"> (<a href="https://loinc.org/">LOINC</a>#45260-7)</span></td><td>in-progress</td><td>2023-01-01 --&gt; 2023-01-01</td><td>Abacavir (substance) <span style="background: LightGoldenRodYellow; margin: 4px; border: 1px solid khaki"> (<a href="https://browser.ihtsdotools.org/">SNOMED CT</a>#387005008)</span></td></tr></table></blockquote><p><b>note</b>: Additional information regarding the ARV treatment prescribed (By Organization/HIVOrganizationExample @Feb 7, 2015, 6:28:17 PM)</p></div>
  </text>
  <status value="active"/>
  <intent value="plan"/>
  <subject>
    <reference value="Patient/HIVPatientExample"/>
  </subject>
  <encounter>
    <reference value="Encounter/TargetFacilityEncounterExample"/>
  </encounter>
  <period>
    <start value="2022-12-01"/>
    <end value="2022-12-01"/>
  </period>
  <activity>
    <detail>
      <extension url="http://openhie.org/fhir/hiv-program-monitoring/StructureDefinition/art-regimen-line">
        <valueCodeableConcept>
          <coding>
            <system value="http://snomed.info/sct"/>
            <code value="708255002"/>
          </coding>
        </valueCodeableConcept>
      </extension>
      <kind value="MedicationRequest"/>
      <code>
        <coding>
          <system value="http://loinc.org"/>
          <code value="45260-7"/>
        </coding>
      </code>
      <status value="in-progress"/>
      <scheduledPeriod>
        <start value="2023-01-01"/>
        <end value="2023-01-01"/>
      </scheduledPeriod>
      <productCodeableConcept>
        <coding>
          <system value="http://snomed.info/sct"/>
          <code value="387005008"/>
        </coding>
      </productCodeableConcept>
    </detail>
  </activity>
  <note>
    <authorReference>
      <reference value="Organization/HIVOrganizationExample"/>
    </authorReference>
    <time value="2015-02-07T13:28:17-05:00"/>
    <text value="Additional information regarding the ARV treatment prescribed"/>
  </note>
</CarePlan>