{
  "resourceType" : "CodeSystem",
  "id" : "cs-vl-result-code",
  "text" : {
    "status" : "generated",
    "div" : "<div xmlns=\"http://www.w3.org/1999/xhtml\"><p>This code system <code>http://openhie.org/fhir/hiv-program-monitoring/CodeSystem/cs-vl-result-code</code> defines the following codes:</p><table class=\"codes\"><tr><td style=\"white-space:nowrap\"><b>Code</b></td><td><b>Display</b></td></tr><tr><td style=\"white-space:nowrap\">VL-RESULT<a name=\"cs-vl-result-code-VL-RESULT\"> </a></td><td>HIV VL Test Result</td></tr></table></div>"
  },
  "url" : "http://openhie.org/fhir/hiv-program-monitoring/CodeSystem/cs-vl-result-code",
  "version" : "0.1.0-test",
  "name" : "CSVLResultCode",
  "title" : "Viral Load Result Code",
  "status" : "active",
  "experimental" : false,
  "date" : "2023-02-15T09:18:52+00:00",
  "publisher" : "Jembi Health Systems",
  "contact" : [{
    "telecom" : [{
      "system" : "url",
      "value" : "https://www.jembi.org"
    },
    {
      "system" : "email",
      "value" : "info@jembi.org"
    }]
  }],
  "description" : "Viral Load Result Code",
  "jurisdiction" : [{
    "coding" : [{
      "system" : "http://unstats.un.org/unsd/methods/m49/m49.htm",
      "code" : "001"
    }]
  }],
  "caseSensitive" : true,
  "content" : "complete",
  "count" : 1,
  "concept" : [{
    "code" : "VL-RESULT",
    "display" : "HIV VL Test Result"
  }]
}