<?xml version="1.0" encoding="UTF-8"?>

<Bundle xmlns="http://hl7.org/fhir">
  <id value="613112c6-c2bd-42b0-a9eb-e63ce30d9ab0"/>
  <meta>
    <lastUpdated value="2023-03-07T14:13:00.245+00:00"/>
  </meta>
  <type value="collection"/>
  <entry>
    <fullUrl value="http://openhie.org/fhir/hiv-program-monitoring/ValueSet/vs-reason-sample-cancelled-or-rejected"/>
    <resource>
      <ValueSet>
        <id value="vs-reason-sample-cancelled-or-rejected"/>
        <text>
          <status value="generated"/>
          <div xmlns="http://www.w3.org/1999/xhtml">
            <p>This value set contains 3 concepts</p>
            <p style="border: black 1px dotted; background-color: #EEEEEE; padding: 8px; margin-bottom: 8px">Expansion based on SNOMED CT International edition 31-Jul 2022</p>
            <table class="codes">
              <tr>
                <td style="white-space:nowrap">
                  <b>Code</b>
                </td>
                <td>
                  <b>System</b>
                </td>
                <td>
                  <b>Display</b>
                </td>
              </tr>
              <tr>
                <td style="white-space:nowrap">
                  <a name="http---snomed.info-sct-281264009"> </a>  
                  <a href="http://snomed.info/id/281264009">281264009</a>
                </td>
                <td>http://snomed.info/sct</td>
                <td>Inappropriate bottle or container for sample (finding)</td>
              </tr>
              <tr>
                <td style="white-space:nowrap">
                  <a name="http---snomed.info-sct-281266006"> </a>  
                  <a href="http://snomed.info/id/281266006">281266006</a>
                </td>
                <td>http://snomed.info/sct</td>
                <td>No sample received (finding)</td>
              </tr>
              <tr>
                <td style="white-space:nowrap">
                  <a name="http---snomed.info-sct-135839007"> </a>  
                  <a href="http://snomed.info/id/135839007">135839007</a>
                </td>
                <td>http://snomed.info/sct</td>
                <td>Sample rejected (finding)</td>
              </tr>
            </table>
          </div>
        </text>
        <url value="http://openhie.org/fhir/hiv-program-monitoring/ValueSet/vs-reason-sample-cancelled-or-rejected"/>
        <version value="0.2.0"/>
        <name value="VSReasonForSampleCancellationOrRejection"/>
        <title value="Reasons why a lab order was cancelled or rejected"/>
        <status value="active"/>
        <experimental value="false"/>
        <date value="2023-03-07T14:13:00+00:00"/>
        <publisher value="Jembi Health Systems"/>
        <contact>
          <telecom>
            <system value="url"/>
            <value value="https://www.jembi.org"/>
          </telecom>
          <telecom>
            <system value="email"/>
            <value value="info@jembi.org"/>
          </telecom>
        </contact>
        <description value="Reasons why a lab order was cancelled or rejected."/>
        <jurisdiction>
          <coding>
            <system value="http://unstats.un.org/unsd/methods/m49/m49.htm"/>
            <code value="001"/>
          </coding>
        </jurisdiction>
        <expansion>
          <identifier value="urn:uuid:e7efac5d-2287-4ba0-ac92-e49fa7a7618d"/>
          <timestamp value="2023-03-07T14:13:30+00:00"/>
          <total value="3"/>
          <parameter>
            <name value="excludeNested"/>
            <valueBoolean value="false"/>
          </parameter>
          <parameter>
            <name value="limitedExpansion"/>
            <valueBoolean value="true"/>
          </parameter>
          <parameter>
            <name value="version"/>
            <valueUri value="http://snomed.info/sct|http://snomed.info/sct/900000000000207008/version/20220731"/>
          </parameter>
          <contains>
            <system value="http://snomed.info/sct"/>
            <code value="281264009"/>
            <display value="Inappropriate bottle or container for sample (finding)"/>
          </contains>
          <contains>
            <system value="http://snomed.info/sct"/>
            <code value="281266006"/>
            <display value="No sample received (finding)"/>
          </contains>
          <contains>
            <system value="http://snomed.info/sct"/>
            <code value="135839007"/>
            <display value="Sample rejected (finding)"/>
          </contains>
        </expansion>
      </ValueSet>
    </resource>
  </entry>
  <entry>
    <fullUrl value="http://openhie.org/fhir/hiv-program-monitoring/ValueSet/vs-hiv-test-done"/>
    <resource>
      <ValueSet>
        <id value="vs-hiv-test-done"/>
        <text>
          <status value="generated"/>
          <div xmlns="http://www.w3.org/1999/xhtml">
            <p>This value set contains 1 concepts</p>
            <p style="border: black 1px dotted; background-color: #EEEEEE; padding: 8px; margin-bottom: 8px">Expansion based on SNOMED CT International edition 31-Jul 2022</p>
            <table class="codes">
              <tr>
                <td style="white-space:nowrap">
                  <b>Code</b>
                </td>
                <td>
                  <b>System</b>
                </td>
                <td>
                  <b>Display</b>
                </td>
              </tr>
              <tr>
                <td style="white-space:nowrap">
                  <a name="http---snomed.info-sct-315124004"> </a>  
                  <a href="http://snomed.info/id/315124004">315124004</a>
                </td>
                <td>http://snomed.info/sct</td>
                <td>Human immunodeficiency virus viral load (procedure)</td>
              </tr>
            </table>
          </div>
        </text>
        <url value="http://openhie.org/fhir/hiv-program-monitoring/ValueSet/vs-hiv-test-done"/>
        <version value="0.2.0"/>
        <name value="VSHIVTestDone"/>
        <title value="HIV Test Done"/>
        <status value="active"/>
        <experimental value="false"/>
        <date value="2023-03-07T14:13:00+00:00"/>
        <publisher value="Jembi Health Systems"/>
        <contact>
          <telecom>
            <system value="url"/>
            <value value="https://www.jembi.org"/>
          </telecom>
          <telecom>
            <system value="email"/>
            <value value="info@jembi.org"/>
          </telecom>
        </contact>
        <description value="Used by the observation to indicate that a HIV test was performed."/>
        <jurisdiction>
          <coding>
            <system value="http://unstats.un.org/unsd/methods/m49/m49.htm"/>
            <code value="001"/>
          </coding>
        </jurisdiction>
        <expansion>
          <identifier value="urn:uuid:f3c046b2-f50c-426e-bb10-00f80f9b0111"/>
          <timestamp value="2023-03-07T14:13:31+00:00"/>
          <total value="1"/>
          <parameter>
            <name value="excludeNested"/>
            <valueBoolean value="false"/>
          </parameter>
          <parameter>
            <name value="limitedExpansion"/>
            <valueBoolean value="true"/>
          </parameter>
          <parameter>
            <name value="version"/>
            <valueUri value="http://snomed.info/sct|http://snomed.info/sct/900000000000207008/version/20220731"/>
          </parameter>
          <contains>
            <system value="http://snomed.info/sct"/>
            <code value="315124004"/>
            <display value="Human immunodeficiency virus viral load (procedure)"/>
          </contains>
        </expansion>
      </ValueSet>
    </resource>
  </entry>
  <entry>
    <fullUrl value="http://openhie.org/fhir/hiv-program-monitoring/ValueSet/vs-patient-enrollment-type"/>
    <resource>
      <ValueSet>
        <id value="vs-patient-enrollment-type"/>
        <text>
          <status value="generated"/>
          <div xmlns="http://www.w3.org/1999/xhtml">
            <p>This value set contains 4 concepts</p>
            <div style="border: black 1px dotted; background-color: #EEEEEE; padding: 8px; margin-bottom: 8px">
              <p>Expansion based on: </p>
              <ul>
                <li>Loinc v2.73</li>
                <li>SNOMED CT International edition 31-Jul 2022</li>
              </ul>
            </div>
            <table class="codes">
              <tr>
                <td style="white-space:nowrap">
                  <b>Code</b>
                </td>
                <td>
                  <b>System</b>
                </td>
                <td>
                  <b>Display</b>
                </td>
              </tr>
              <tr>
                <td style="white-space:nowrap">
                  <a name="http---snomed.info-sct-185387006"> </a>  
                  <a href="http://snomed.info/id/185387006">185387006</a>
                </td>
                <td>http://snomed.info/sct</td>
                <td>New patient consultation (procedure)</td>
              </tr>
              <tr>
                <td style="white-space:nowrap">
                  <a name="http---snomed.info-sct-309037001"> </a>  
                  <a href="http://snomed.info/id/309037001">309037001</a>
                </td>
                <td>http://snomed.info/sct</td>
                <td>Transfer status (finding)</td>
              </tr>
              <tr>
                <td style="white-space:nowrap">
                  <a name="http---snomed.info-sct-182837001"> </a>  
                  <a href="http://snomed.info/id/182837001">182837001</a>
                </td>
                <td>http://snomed.info/sct</td>
                <td>Restart of medication (procedure)</td>
              </tr>
              <tr>
                <td style="white-space:nowrap">
                  <a name="http---loinc.org-LA6505-7"> </a>  
                  <a href="https://loinc.org/LA6505-7/">LA6505-7</a>
                </td>
                <td>http://loinc.org</td>
                <td>PMTCT</td>
              </tr>
            </table>
          </div>
        </text>
        <url value="http://openhie.org/fhir/hiv-program-monitoring/ValueSet/vs-patient-enrollment-type"/>
        <version value="0.2.0"/>
        <name value="VSPatientEnrollmentType"/>
        <title value="Patient Type at Enrolment"/>
        <status value="active"/>
        <experimental value="false"/>
        <date value="2023-03-07T14:13:00+00:00"/>
        <publisher value="Jembi Health Systems"/>
        <contact>
          <telecom>
            <system value="url"/>
            <value value="https://www.jembi.org"/>
          </telecom>
          <telecom>
            <system value="email"/>
            <value value="info@jembi.org"/>
          </telecom>
        </contact>
        <description value="A list of Patient Types at Enrolment"/>
        <jurisdiction>
          <coding>
            <system value="http://unstats.un.org/unsd/methods/m49/m49.htm"/>
            <code value="001"/>
          </coding>
        </jurisdiction>
        <expansion>
          <identifier value="urn:uuid:f35cefdd-182b-43f2-a698-d2765cfbd2ba"/>
          <timestamp value="2023-03-07T14:13:33+00:00"/>
          <total value="4"/>
          <parameter>
            <name value="excludeNested"/>
            <valueBoolean value="false"/>
          </parameter>
          <parameter>
            <name value="limitedExpansion"/>
            <valueBoolean value="true"/>
          </parameter>
          <parameter>
            <name value="version"/>
            <valueUri value="http://snomed.info/sct|http://snomed.info/sct/900000000000207008/version/20220731"/>
          </parameter>
          <parameter>
            <name value="excludeNested"/>
            <valueBoolean value="true"/>
          </parameter>
          <parameter>
            <name value="version"/>
            <valueUri value="http://loinc.org|2.73"/>
          </parameter>
          <contains>
            <system value="http://snomed.info/sct"/>
            <code value="185387006"/>
            <display value="New patient consultation (procedure)"/>
          </contains>
          <contains>
            <system value="http://snomed.info/sct"/>
            <code value="309037001"/>
            <display value="Transfer status (finding)"/>
          </contains>
          <contains>
            <system value="http://snomed.info/sct"/>
            <code value="182837001"/>
            <display value="Restart of medication (procedure)"/>
          </contains>
          <contains>
            <system value="http://loinc.org"/>
            <code value="LA6505-7"/>
            <display value="PMTCT"/>
          </contains>
        </expansion>
      </ValueSet>
    </resource>
  </entry>
  <entry>
    <fullUrl value="http://openhie.org/fhir/hiv-program-monitoring/ValueSet/vs-vl-suppression"/>
    <resource>
      <ValueSet>
        <id value="vs-vl-suppression"/>
        <text>
          <status value="generated"/>
          <div xmlns="http://www.w3.org/1999/xhtml">
            <p>This value set contains 3 concepts</p>
            <p style="border: black 1px dotted; background-color: #EEEEEE; padding: 8px; margin-bottom: 8px">Expansion based on SNOMED CT International edition 31-Jul 2022</p>
            <table class="codes">
              <tr>
                <td style="white-space:nowrap">
                  <b>Code</b>
                </td>
                <td>
                  <b>System</b>
                </td>
                <td>
                  <b>Display</b>
                </td>
              </tr>
              <tr>
                <td style="white-space:nowrap">
                  <a name="http---snomed.info-sct-245780008"> </a>  
                  <a href="http://snomed.info/id/245780008">245780008</a>
                </td>
                <td>http://snomed.info/sct</td>
                <td>Suppressed (qualifier value)</td>
              </tr>
              <tr>
                <td style="white-space:nowrap">
                  <a name="http---snomed.info-sct-19032002"> </a>  
                  <a href="http://snomed.info/id/19032002">19032002</a>
                </td>
                <td>http://snomed.info/sct</td>
                <td>Uncontrolled (qualifier value)</td>
              </tr>
              <tr>
                <td style="white-space:nowrap">
                  <a name="http---snomed.info-sct-261665006"> </a>  
                  <a href="http://snomed.info/id/261665006">261665006</a>
                </td>
                <td>http://snomed.info/sct</td>
                <td>Unknown (qualifier value)</td>
              </tr>
            </table>
          </div>
        </text>
        <url value="http://openhie.org/fhir/hiv-program-monitoring/ValueSet/vs-vl-suppression"/>
        <version value="0.2.0"/>
        <name value="VSVLSuppression"/>
        <title value="Viral Load Suppressions Status"/>
        <status value="active"/>
        <experimental value="false"/>
        <date value="2023-03-07T14:13:00+00:00"/>
        <publisher value="Jembi Health Systems"/>
        <contact>
          <telecom>
            <system value="url"/>
            <value value="https://www.jembi.org"/>
          </telecom>
          <telecom>
            <system value="email"/>
            <value value="info@jembi.org"/>
          </telecom>
        </contact>
        <description value="Describes a patient's current viral load status."/>
        <jurisdiction>
          <coding>
            <system value="http://unstats.un.org/unsd/methods/m49/m49.htm"/>
            <code value="001"/>
          </coding>
        </jurisdiction>
        <expansion>
          <identifier value="urn:uuid:0d9ae495-50f2-4958-a0d7-aa6dd6ba3a71"/>
          <timestamp value="2023-03-07T14:13:33+00:00"/>
          <total value="3"/>
          <parameter>
            <name value="excludeNested"/>
            <valueBoolean value="false"/>
          </parameter>
          <parameter>
            <name value="limitedExpansion"/>
            <valueBoolean value="true"/>
          </parameter>
          <parameter>
            <name value="version"/>
            <valueUri value="http://snomed.info/sct|http://snomed.info/sct/900000000000207008/version/20220731"/>
          </parameter>
          <contains>
            <system value="http://snomed.info/sct"/>
            <code value="245780008"/>
            <display value="Suppressed (qualifier value)"/>
          </contains>
          <contains>
            <system value="http://snomed.info/sct"/>
            <code value="19032002"/>
            <display value="Uncontrolled (qualifier value)"/>
          </contains>
          <contains>
            <system value="http://snomed.info/sct"/>
            <code value="261665006"/>
            <display value="Unknown (qualifier value)"/>
          </contains>
        </expansion>
      </ValueSet>
    </resource>
  </entry>
  <entry>
    <fullUrl value="http://openhie.org/fhir/hiv-program-monitoring/ValueSet/vs-arv-regimen"/>
    <resource>
      <ValueSet>
        <id value="vs-arv-regimen"/>
        <text>
          <status value="generated"/>
          <div xmlns="http://www.w3.org/1999/xhtml">
            <p>This value set contains 21 concepts</p>
            <p style="border: black 1px dotted; background-color: #EEEEEE; padding: 8px; margin-bottom: 8px">Expansion based on SNOMED CT International edition 31-Jul 2022</p>
            <table class="codes">
              <tr>
                <td style="white-space:nowrap">
                  <b>Code</b>
                </td>
                <td>
                  <b>System</b>
                </td>
                <td>
                  <b>Display</b>
                </td>
              </tr>
              <tr>
                <td style="white-space:nowrap">
                  <a name="http---snomed.info-sct-387105006"> </a>  
                  <a href="http://snomed.info/id/387105006">387105006</a>
                </td>
                <td>http://snomed.info/sct</td>
                <td>Didanosine (DDI)</td>
              </tr>
              <tr>
                <td style="white-space:nowrap">
                  <a name="http---snomed.info-sct-387005008"> </a>  
                  <a href="http://snomed.info/id/387005008">387005008</a>
                </td>
                <td>http://snomed.info/sct</td>
                <td>Abacavir (ABC)</td>
              </tr>
              <tr>
                <td style="white-space:nowrap">
                  <a name="http---snomed.info-sct-772188001"> </a>  
                  <a href="http://snomed.info/id/772188001">772188001</a>
                </td>
                <td>http://snomed.info/sct</td>
                <td>Abacavir and lamivudine (ABC + 3TC)</td>
              </tr>
              <tr>
                <td style="white-space:nowrap">
                  <a name="http---snomed.info-sct-427314002"> </a>  
                  <a href="http://snomed.info/id/427314002">427314002</a>
                </td>
                <td>http://snomed.info/sct</td>
                <td>ABC + 3TC + ATV/r</td>
              </tr>
              <tr>
                <td style="white-space:nowrap">
                  <a name="http---snomed.info-sct-878898002"> </a>  
                  <a href="http://snomed.info/id/878898002">878898002</a>
                </td>
                <td>http://snomed.info/sct</td>
                <td>Atazanavir/ritonavir (ATV/r)</td>
              </tr>
              <tr>
                <td style="white-space:nowrap">
                  <a name="http---snomed.info-sct-713464000"> </a>  
                  <a href="http://snomed.info/id/713464000">713464000</a>
                </td>
                <td>http://snomed.info/sct</td>
                <td>Dolutegravir (DTG)</td>
              </tr>
              <tr>
                <td style="white-space:nowrap">
                  <a name="http---snomed.info-sct-387001004"> </a>  
                  <a href="http://snomed.info/id/387001004">387001004</a>
                </td>
                <td>http://snomed.info/sct</td>
                <td>Efavirenz (EFV)</td>
              </tr>
              <tr>
                <td style="white-space:nowrap">
                  <a name="http---snomed.info-sct-404856006"> </a>  
                  <a href="http://snomed.info/id/404856006">404856006</a>
                </td>
                <td>http://snomed.info/sct</td>
                <td>Emtricitabine (FTC)</td>
              </tr>
              <tr>
                <td style="white-space:nowrap">
                  <a name="http---snomed.info-sct-432121008"> </a>  
                  <a href="http://snomed.info/id/432121008">432121008</a>
                </td>
                <td>http://snomed.info/sct</td>
                <td>Etravirine (ETV)</td>
              </tr>
              <tr>
                <td style="white-space:nowrap">
                  <a name="http---snomed.info-sct-386897000"> </a>  
                  <a href="http://snomed.info/id/386897000">386897000</a>
                </td>
                <td>http://snomed.info/sct</td>
                <td>Lamivudine (3TC)</td>
              </tr>
              <tr>
                <td style="white-space:nowrap">
                  <a name="http---snomed.info-sct-776569000"> </a>  
                  <a href="http://snomed.info/id/776569000">776569000</a>
                </td>
                <td>http://snomed.info/sct</td>
                <td>Lopinavir/ritonavir (LPV/r)</td>
              </tr>
              <tr>
                <td style="white-space:nowrap">
                  <a name="http---snomed.info-sct-386898005"> </a>  
                  <a href="http://snomed.info/id/386898005">386898005</a>
                </td>
                <td>http://snomed.info/sct</td>
                <td>Nevirapine (NVP)</td>
              </tr>
              <tr>
                <td style="white-space:nowrap">
                  <a name="http---snomed.info-sct-429707008"> </a>  
                  <a href="http://snomed.info/id/429707008">429707008</a>
                </td>
                <td>http://snomed.info/sct</td>
                <td>Raltegravir (RAL)</td>
              </tr>
              <tr>
                <td style="white-space:nowrap">
                  <a name="http---snomed.info-sct-703123005"> </a>  
                  <a href="http://snomed.info/id/703123005">703123005</a>
                </td>
                <td>http://snomed.info/sct</td>
                <td>Rilpivirine (RIL)</td>
              </tr>
              <tr>
                <td style="white-space:nowrap">
                  <a name="http---snomed.info-sct-386896009"> </a>  
                  <a href="http://snomed.info/id/386896009">386896009</a>
                </td>
                <td>http://snomed.info/sct</td>
                <td>Ritonavir (RTV)</td>
              </tr>
              <tr>
                <td style="white-space:nowrap">
                  <a name="http---snomed.info-sct-386895008"> </a>  
                  <a href="http://snomed.info/id/386895008">386895008</a>
                </td>
                <td>http://snomed.info/sct</td>
                <td>Stavudine (D4T)</td>
              </tr>
              <tr>
                <td style="white-space:nowrap">
                  <a name="http---snomed.info-sct-422091007"> </a>  
                  <a href="http://snomed.info/id/422091007">422091007</a>
                </td>
                <td>http://snomed.info/sct</td>
                <td>Tenofovir (TDF)</td>
              </tr>
              <tr>
                <td style="white-space:nowrap">
                  <a name="http---snomed.info-sct-421203005"> </a>  
                  <a href="http://snomed.info/id/421203005">421203005</a>
                </td>
                <td>http://snomed.info/sct</td>
                <td>Tenofovir disoproxil (TDF)</td>
              </tr>
              <tr>
                <td style="white-space:nowrap">
                  <a name="http---snomed.info-sct-414091005"> </a>  
                  <a href="http://snomed.info/id/414091005">414091005</a>
                </td>
                <td>http://snomed.info/sct</td>
                <td>Tenofovir disoproxil and emtricitabine (TDF + FTC)</td>
              </tr>
              <tr>
                <td style="white-space:nowrap">
                  <a name="http---snomed.info-sct-387151007"> </a>  
                  <a href="http://snomed.info/id/387151007">387151007</a>
                </td>
                <td>http://snomed.info/sct</td>
                <td>Zidovudine (AZT)</td>
              </tr>
              <tr>
                <td style="white-space:nowrap">
                  <a name="http---snomed.info-sct-776469003"> </a>  
                  <a href="http://snomed.info/id/776469003">776469003</a>
                </td>
                <td>http://snomed.info/sct</td>
                <td>Zidovudine and lamivudine (AZT + 3TC)</td>
              </tr>
            </table>
          </div>
        </text>
        <url value="http://openhie.org/fhir/hiv-program-monitoring/ValueSet/vs-arv-regimen"/>
        <version value="0.2.0"/>
        <name value="VSARVRegimen"/>
        <title value="A list of ARV regimen"/>
        <status value="active"/>
        <experimental value="false"/>
        <date value="2023-03-07T14:13:00+00:00"/>
        <publisher value="Jembi Health Systems"/>
        <contact>
          <telecom>
            <system value="url"/>
            <value value="https://www.jembi.org"/>
          </telecom>
          <telecom>
            <system value="email"/>
            <value value="info@jembi.org"/>
          </telecom>
        </contact>
        <description value="A list of ARV regimen."/>
        <jurisdiction>
          <coding>
            <system value="http://unstats.un.org/unsd/methods/m49/m49.htm"/>
            <code value="001"/>
          </coding>
        </jurisdiction>
        <expansion>
          <identifier value="urn:uuid:a858fd0e-a016-4aee-9107-968813824ae3"/>
          <timestamp value="2023-03-07T14:13:34+00:00"/>
          <total value="21"/>
          <parameter>
            <name value="excludeNested"/>
            <valueBoolean value="false"/>
          </parameter>
          <parameter>
            <name value="limitedExpansion"/>
            <valueBoolean value="true"/>
          </parameter>
          <parameter>
            <name value="version"/>
            <valueUri value="http://snomed.info/sct|http://snomed.info/sct/900000000000207008/version/20220731"/>
          </parameter>
          <contains>
            <system value="http://snomed.info/sct"/>
            <code value="387105006"/>
            <display value="Didanosine (DDI)"/>
          </contains>
          <contains>
            <system value="http://snomed.info/sct"/>
            <code value="387005008"/>
            <display value="Abacavir (ABC)"/>
          </contains>
          <contains>
            <system value="http://snomed.info/sct"/>
            <code value="772188001"/>
            <display value="Abacavir and lamivudine (ABC + 3TC)"/>
          </contains>
          <contains>
            <system value="http://snomed.info/sct"/>
            <code value="427314002"/>
            <display value="ABC + 3TC + ATV/r"/>
          </contains>
          <contains>
            <system value="http://snomed.info/sct"/>
            <code value="878898002"/>
            <display value="Atazanavir/ritonavir (ATV/r)"/>
          </contains>
          <contains>
            <system value="http://snomed.info/sct"/>
            <code value="713464000"/>
            <display value="Dolutegravir (DTG)"/>
          </contains>
          <contains>
            <system value="http://snomed.info/sct"/>
            <code value="387001004"/>
            <display value="Efavirenz (EFV)"/>
          </contains>
          <contains>
            <system value="http://snomed.info/sct"/>
            <code value="404856006"/>
            <display value="Emtricitabine (FTC)"/>
          </contains>
          <contains>
            <system value="http://snomed.info/sct"/>
            <code value="432121008"/>
            <display value="Etravirine (ETV)"/>
          </contains>
          <contains>
            <system value="http://snomed.info/sct"/>
            <code value="386897000"/>
            <display value="Lamivudine (3TC)"/>
          </contains>
          <contains>
            <system value="http://snomed.info/sct"/>
            <code value="776569000"/>
            <display value="Lopinavir/ritonavir (LPV/r)"/>
          </contains>
          <contains>
            <system value="http://snomed.info/sct"/>
            <code value="386898005"/>
            <display value="Nevirapine (NVP)"/>
          </contains>
          <contains>
            <system value="http://snomed.info/sct"/>
            <code value="429707008"/>
            <display value="Raltegravir (RAL)"/>
          </contains>
          <contains>
            <system value="http://snomed.info/sct"/>
            <code value="703123005"/>
            <display value="Rilpivirine (RIL)"/>
          </contains>
          <contains>
            <system value="http://snomed.info/sct"/>
            <code value="386896009"/>
            <display value="Ritonavir (RTV)"/>
          </contains>
          <contains>
            <system value="http://snomed.info/sct"/>
            <code value="386895008"/>
            <display value="Stavudine (D4T)"/>
          </contains>
          <contains>
            <system value="http://snomed.info/sct"/>
            <code value="422091007"/>
            <display value="Tenofovir (TDF)"/>
          </contains>
          <contains>
            <system value="http://snomed.info/sct"/>
            <code value="421203005"/>
            <display value="Tenofovir disoproxil (TDF)"/>
          </contains>
          <contains>
            <system value="http://snomed.info/sct"/>
            <code value="414091005"/>
            <display value="Tenofovir disoproxil and emtricitabine (TDF + FTC)"/>
          </contains>
          <contains>
            <system value="http://snomed.info/sct"/>
            <code value="387151007"/>
            <display value="Zidovudine (AZT)"/>
          </contains>
          <contains>
            <system value="http://snomed.info/sct"/>
            <code value="776469003"/>
            <display value="Zidovudine and lamivudine (AZT + 3TC)"/>
          </contains>
        </expansion>
      </ValueSet>
    </resource>
  </entry>
  <entry>
    <fullUrl value="http://openhie.org/fhir/hiv-program-monitoring/ValueSet/vs-careplan-outcome"/>
    <resource>
      <ValueSet>
        <id value="vs-careplan-outcome"/>
        <text>
          <status value="generated"/>
          <div xmlns="http://www.w3.org/1999/xhtml">
            <p>This value set contains 2 concepts</p>
            <p style="border: black 1px dotted; background-color: #EEEEEE; padding: 8px; margin-bottom: 8px">Expansion based on SNOMED CT International edition 31-Jul 2022</p>
            <table class="codes">
              <tr>
                <td style="white-space:nowrap">
                  <b>Code</b>
                </td>
                <td>
                  <b>System</b>
                </td>
                <td>
                  <b>Display</b>
                </td>
              </tr>
              <tr>
                <td style="white-space:nowrap">
                  <a name="http---snomed.info-sct-737038009"> </a>  
                  <a href="http://snomed.info/id/737038009">737038009</a>
                </td>
                <td>http://snomed.info/sct</td>
                <td>Declined consent for treatment (finding)</td>
              </tr>
              <tr>
                <td style="white-space:nowrap">
                  <a name="http---snomed.info-sct-386473003"> </a>  
                  <a href="http://snomed.info/id/386473003">386473003</a>
                </td>
                <td>http://snomed.info/sct</td>
                <td>Telephone follow-up (procedure)</td>
              </tr>
            </table>
          </div>
        </text>
        <url value="http://openhie.org/fhir/hiv-program-monitoring/ValueSet/vs-careplan-outcome"/>
        <version value="0.2.0"/>
        <name value="VSCarePlanActivityOutcome"/>
        <title value="ARV treatment outcomes"/>
        <status value="active"/>
        <experimental value="false"/>
        <date value="2023-03-07T14:13:00+00:00"/>
        <publisher value="Jembi Health Systems"/>
        <contact>
          <telecom>
            <system value="url"/>
            <value value="https://www.jembi.org"/>
          </telecom>
          <telecom>
            <system value="email"/>
            <value value="info@jembi.org"/>
          </telecom>
        </contact>
        <description value="A list of possible ARV treatment outcomes."/>
        <jurisdiction>
          <coding>
            <system value="http://unstats.un.org/unsd/methods/m49/m49.htm"/>
            <code value="001"/>
          </coding>
        </jurisdiction>
        <expansion>
          <identifier value="urn:uuid:ba014f95-6c09-42a5-b8ee-9217b74b6a72"/>
          <timestamp value="2023-03-07T14:13:38+00:00"/>
          <total value="2"/>
          <parameter>
            <name value="excludeNested"/>
            <valueBoolean value="false"/>
          </parameter>
          <parameter>
            <name value="limitedExpansion"/>
            <valueBoolean value="true"/>
          </parameter>
          <parameter>
            <name value="version"/>
            <valueUri value="http://snomed.info/sct|http://snomed.info/sct/900000000000207008/version/20220731"/>
          </parameter>
          <contains>
            <system value="http://snomed.info/sct"/>
            <code value="737038009"/>
            <display value="Declined consent for treatment (finding)"/>
          </contains>
          <contains>
            <system value="http://snomed.info/sct"/>
            <code value="386473003"/>
            <display value="Telephone follow-up (procedure)"/>
          </contains>
        </expansion>
      </ValueSet>
    </resource>
  </entry>
  <entry>
    <fullUrl value="http://openhie.org/fhir/hiv-program-monitoring/ValueSet/vs-reason-for-assessment-or-test-not-performed"/>
    <resource>
      <ValueSet>
        <id value="vs-reason-for-assessment-or-test-not-performed"/>
        <text>
          <status value="generated"/>
          <div xmlns="http://www.w3.org/1999/xhtml">
            <p>This value set contains 15 concepts</p>
            <p style="border: black 1px dotted; background-color: #EEEEEE; padding: 8px; margin-bottom: 8px">Expansion based on SNOMED CT International edition 31-Jul 2022</p>
            <table class="codes">
              <tr>
                <td style="white-space:nowrap">
                  <b>Code</b>
                </td>
                <td>
                  <b>System</b>
                </td>
                <td>
                  <b>Display</b>
                </td>
              </tr>
              <tr>
                <td style="white-space:nowrap">
                  <a name="http---snomed.info-sct-77386006"> </a>  
                  <a href="http://snomed.info/id/77386006">77386006</a>
                </td>
                <td>http://snomed.info/sct</td>
                <td>Currently pregnant</td>
              </tr>
              <tr>
                <td style="white-space:nowrap">
                  <a name="http---snomed.info-sct-428450006"> </a>  
                  <a href="http://snomed.info/id/428450006">428450006</a>
                </td>
                <td>http://snomed.info/sct</td>
                <td>Repeat</td>
              </tr>
              <tr>
                <td style="white-space:nowrap">
                  <a name="http---snomed.info-sct-171111007"> </a>  
                  <a href="http://snomed.info/id/171111007">171111007</a>
                </td>
                <td>http://snomed.info/sct</td>
                <td>Results not available</td>
              </tr>
              <tr>
                <td style="white-space:nowrap">
                  <a name="http---snomed.info-sct-266721009"> </a>  
                  <a href="http://snomed.info/id/266721009">266721009</a>
                </td>
                <td>http://snomed.info/sct</td>
                <td>Absent response to treatment</td>
              </tr>
              <tr>
                <td style="white-space:nowrap">
                  <a name="http---snomed.info-sct-170564007"> </a>  
                  <a href="http://snomed.info/id/170564007">170564007</a>
                </td>
                <td>http://snomed.info/sct</td>
                <td>Chronic disease - treatment changed (finding)</td>
              </tr>
              <tr>
                <td style="white-space:nowrap">
                  <a name="http---snomed.info-sct-413712001"> </a>  
                  <a href="http://snomed.info/id/413712001">413712001</a>
                </td>
                <td>http://snomed.info/sct</td>
                <td>Breastfeeding (mother) (observable entity)</td>
              </tr>
              <tr>
                <td style="white-space:nowrap">
                  <a name="http---snomed.info-sct-315124004"> </a>  
                  <a href="http://snomed.info/id/315124004">315124004</a>
                </td>
                <td>http://snomed.info/sct</td>
                <td>Baseline Viral Load / Routine Viral Load</td>
              </tr>
              <tr>
                <td style="white-space:nowrap">
                  <a name="http---snomed.info-sct-2528003"> </a>  
                  <a href="http://snomed.info/id/2528003">2528003</a>
                </td>
                <td>http://snomed.info/sct</td>
                <td>Persistent low-Level viraemia</td>
              </tr>
              <tr>
                <td style="white-space:nowrap">
                  <a name="http---snomed.info-sct-441510007"> </a>  
                  <a href="http://snomed.info/id/441510007">441510007</a>
                </td>
                <td>http://snomed.info/sct</td>
                <td>Blood sample coagulated</td>
              </tr>
              <tr>
                <td style="white-space:nowrap">
                  <a name="http---snomed.info-sct-123840003"> </a>  
                  <a href="http://snomed.info/id/123840003">123840003</a>
                </td>
                <td>http://snomed.info/sct</td>
                <td>Contaminated specimen</td>
              </tr>
              <tr>
                <td style="white-space:nowrap">
                  <a name="http---snomed.info-sct-397933008"> </a>  
                  <a href="http://snomed.info/id/397933008">397933008</a>
                </td>
                <td>http://snomed.info/sct</td>
                <td>Equipment failure</td>
              </tr>
              <tr>
                <td style="white-space:nowrap">
                  <a name="http---snomed.info-sct-281264009"> </a>  
                  <a href="http://snomed.info/id/281264009">281264009</a>
                </td>
                <td>http://snomed.info/sct</td>
                <td>Inappropriate sample container used</td>
              </tr>
              <tr>
                <td style="white-space:nowrap">
                  <a name="http---snomed.info-sct-281268007"> </a>  
                  <a href="http://snomed.info/id/281268007">281268007</a>
                </td>
                <td>http://snomed.info/sct</td>
                <td>Insufficient sample</td>
              </tr>
              <tr>
                <td style="white-space:nowrap">
                  <a name="http---snomed.info-sct-281265005"> </a>  
                  <a href="http://snomed.info/id/281265005">281265005</a>
                </td>
                <td>http://snomed.info/sct</td>
                <td>Specimen not labeled</td>
              </tr>
              <tr>
                <td style="white-space:nowrap">
                  <a name="http---snomed.info-sct-419182006"> </a>  
                  <a href="http://snomed.info/id/419182006">419182006</a>
                </td>
                <td>http://snomed.info/sct</td>
                <td>Supplies not available</td>
              </tr>
            </table>
          </div>
        </text>
        <url value="http://openhie.org/fhir/hiv-program-monitoring/ValueSet/vs-reason-for-assessment-or-test-not-performed"/>
        <version value="0.2.0"/>
        <name value="VSReasonForAssessmentOrTestNotPerformed"/>
        <title value="Reason for Assessment or Test Not Performed"/>
        <status value="active"/>
        <experimental value="false"/>
        <date value="2023-03-07T14:13:00+00:00"/>
        <publisher value="Jembi Health Systems"/>
        <contact>
          <telecom>
            <system value="url"/>
            <value value="https://www.jembi.org"/>
          </telecom>
          <telecom>
            <system value="email"/>
            <value value="info@jembi.org"/>
          </telecom>
        </contact>
        <description value="A list of reasons associated with the service request for the lab order."/>
        <jurisdiction>
          <coding>
            <system value="http://unstats.un.org/unsd/methods/m49/m49.htm"/>
            <code value="001"/>
          </coding>
        </jurisdiction>
        <expansion>
          <identifier value="urn:uuid:3eb27aac-5e94-4fbf-9d80-bd6d14c11636"/>
          <timestamp value="2023-03-07T14:13:38+00:00"/>
          <total value="15"/>
          <parameter>
            <name value="excludeNested"/>
            <valueBoolean value="false"/>
          </parameter>
          <parameter>
            <name value="limitedExpansion"/>
            <valueBoolean value="true"/>
          </parameter>
          <parameter>
            <name value="version"/>
            <valueUri value="http://snomed.info/sct|http://snomed.info/sct/900000000000207008/version/20220731"/>
          </parameter>
          <contains>
            <system value="http://snomed.info/sct"/>
            <code value="77386006"/>
            <display value="Currently pregnant"/>
          </contains>
          <contains>
            <system value="http://snomed.info/sct"/>
            <code value="428450006"/>
            <display value="Repeat"/>
          </contains>
          <contains>
            <system value="http://snomed.info/sct"/>
            <code value="171111007"/>
            <display value="Results not available"/>
          </contains>
          <contains>
            <system value="http://snomed.info/sct"/>
            <code value="266721009"/>
            <display value="Absent response to treatment"/>
          </contains>
          <contains>
            <system value="http://snomed.info/sct"/>
            <code value="170564007"/>
            <display value="Chronic disease - treatment changed (finding)"/>
          </contains>
          <contains>
            <system value="http://snomed.info/sct"/>
            <code value="413712001"/>
            <display value="Breastfeeding (mother) (observable entity)"/>
          </contains>
          <contains>
            <system value="http://snomed.info/sct"/>
            <code value="315124004"/>
            <display value="Baseline Viral Load / Routine Viral Load"/>
          </contains>
          <contains>
            <system value="http://snomed.info/sct"/>
            <code value="2528003"/>
            <display value="Persistent low-Level viraemia"/>
          </contains>
          <contains>
            <system value="http://snomed.info/sct"/>
            <code value="441510007"/>
            <display value="Blood sample coagulated"/>
          </contains>
          <contains>
            <system value="http://snomed.info/sct"/>
            <code value="123840003"/>
            <display value="Contaminated specimen"/>
          </contains>
          <contains>
            <system value="http://snomed.info/sct"/>
            <code value="397933008"/>
            <display value="Equipment failure"/>
          </contains>
          <contains>
            <system value="http://snomed.info/sct"/>
            <code value="281264009"/>
            <display value="Inappropriate sample container used"/>
          </contains>
          <contains>
            <system value="http://snomed.info/sct"/>
            <code value="281268007"/>
            <display value="Insufficient sample"/>
          </contains>
          <contains>
            <system value="http://snomed.info/sct"/>
            <code value="281265005"/>
            <display value="Specimen not labeled"/>
          </contains>
          <contains>
            <system value="http://snomed.info/sct"/>
            <code value="419182006"/>
            <display value="Supplies not available"/>
          </contains>
        </expansion>
      </ValueSet>
    </resource>
  </entry>
  <entry>
    <fullUrl value="http://openhie.org/fhir/hiv-program-monitoring/ValueSet/vs-condition"/>
    <resource>
      <ValueSet>
        <id value="vs-condition"/>
        <text>
          <status value="generated"/>
          <div xmlns="http://www.w3.org/1999/xhtml">
            <p>This value set contains 1 concepts</p>
            <p style="border: black 1px dotted; background-color: #EEEEEE; padding: 8px; margin-bottom: 8px">Expansion based on SNOMED CT International edition 31-Jul 2022</p>
            <table class="codes">
              <tr>
                <td style="white-space:nowrap">
                  <b>Code</b>
                </td>
                <td>
                  <b>System</b>
                </td>
                <td>
                  <b>Display</b>
                </td>
              </tr>
              <tr>
                <td style="white-space:nowrap">
                  <a name="http---snomed.info-sct-86406008"> </a>  
                  <a href="http://snomed.info/id/86406008">86406008</a>
                </td>
                <td>http://snomed.info/sct</td>
                <td>Human immunodeficiency virus infection (disorder)</td>
              </tr>
            </table>
          </div>
        </text>
        <url value="http://openhie.org/fhir/hiv-program-monitoring/ValueSet/vs-condition"/>
        <version value="0.2.0"/>
        <name value="VSCondition"/>
        <title value="Conditions"/>
        <status value="active"/>
        <experimental value="false"/>
        <date value="2023-03-07T14:13:00+00:00"/>
        <publisher value="Jembi Health Systems"/>
        <contact>
          <telecom>
            <system value="url"/>
            <value value="https://www.jembi.org"/>
          </telecom>
          <telecom>
            <system value="email"/>
            <value value="info@jembi.org"/>
          </telecom>
        </contact>
        <description value="A list of possible HIV conditions."/>
        <jurisdiction>
          <coding>
            <system value="http://unstats.un.org/unsd/methods/m49/m49.htm"/>
            <code value="001"/>
          </coding>
        </jurisdiction>
        <expansion>
          <identifier value="urn:uuid:2993a876-4445-4a66-b46c-93cbe5f43ea4"/>
          <timestamp value="2023-03-07T14:13:40+00:00"/>
          <total value="1"/>
          <parameter>
            <name value="excludeNested"/>
            <valueBoolean value="false"/>
          </parameter>
          <parameter>
            <name value="limitedExpansion"/>
            <valueBoolean value="true"/>
          </parameter>
          <parameter>
            <name value="version"/>
            <valueUri value="http://snomed.info/sct|http://snomed.info/sct/900000000000207008/version/20220731"/>
          </parameter>
          <contains>
            <system value="http://snomed.info/sct"/>
            <code value="86406008"/>
            <display value="Human immunodeficiency virus infection (disorder)"/>
          </contains>
        </expansion>
      </ValueSet>
    </resource>
  </entry>
  <entry>
    <fullUrl value="http://openhie.org/fhir/hiv-program-monitoring/ValueSet/vs-hiv-death"/>
    <resource>
      <ValueSet>
        <id value="vs-hiv-death"/>
        <text>
          <status value="generated"/>
          <div xmlns="http://www.w3.org/1999/xhtml">
            <p>This value set contains 1 concepts</p>
            <p style="border: black 1px dotted; background-color: #EEEEEE; padding: 8px; margin-bottom: 8px">Expansion based on SNOMED CT International edition 31-Jul 2022</p>
            <table class="codes">
              <tr>
                <td style="white-space:nowrap">
                  <b>Code</b>
                </td>
                <td>
                  <b>System</b>
                </td>
                <td>
                  <b>Display</b>
                </td>
              </tr>
              <tr>
                <td style="white-space:nowrap">
                  <a name="http---snomed.info-sct-419620001"> </a>  
                  <a href="http://snomed.info/id/419620001">419620001</a>
                </td>
                <td>http://snomed.info/sct</td>
                <td>Death (event)</td>
              </tr>
            </table>
          </div>
        </text>
        <url value="http://openhie.org/fhir/hiv-program-monitoring/ValueSet/vs-hiv-death"/>
        <version value="0.2.0"/>
        <name value="VSHIVDeath"/>
        <title value="Death"/>
        <status value="active"/>
        <experimental value="false"/>
        <date value="2023-03-07T14:13:00+00:00"/>
        <publisher value="Jembi Health Systems"/>
        <contact>
          <telecom>
            <system value="url"/>
            <value value="https://www.jembi.org"/>
          </telecom>
          <telecom>
            <system value="email"/>
            <value value="info@jembi.org"/>
          </telecom>
        </contact>
        <description value="A list of possible HIV deaths"/>
        <jurisdiction>
          <coding>
            <system value="http://unstats.un.org/unsd/methods/m49/m49.htm"/>
            <code value="001"/>
          </coding>
        </jurisdiction>
        <expansion>
          <identifier value="urn:uuid:43708f43-2b67-4c3e-8363-a5b1d0af2711"/>
          <timestamp value="2023-03-07T14:13:41+00:00"/>
          <total value="1"/>
          <parameter>
            <name value="excludeNested"/>
            <valueBoolean value="false"/>
          </parameter>
          <parameter>
            <name value="limitedExpansion"/>
            <valueBoolean value="true"/>
          </parameter>
          <parameter>
            <name value="version"/>
            <valueUri value="http://snomed.info/sct|http://snomed.info/sct/900000000000207008/version/20220731"/>
          </parameter>
          <contains>
            <system value="http://snomed.info/sct"/>
            <code value="419620001"/>
            <display value="Death (event)"/>
          </contains>
        </expansion>
      </ValueSet>
    </resource>
  </entry>
  <entry>
    <fullUrl value="http://openhie.org/fhir/hiv-program-monitoring/ValueSet/vs-test-types"/>
    <resource>
      <ValueSet>
        <id value="vs-test-types"/>
        <text>
          <status value="generated"/>
          <div xmlns="http://www.w3.org/1999/xhtml">
            <p>This value set contains 3 concepts</p>
            <p style="border: black 1px dotted; background-color: #EEEEEE; padding: 8px; margin-bottom: 8px">Expansion based on Loinc v2.73</p>
            <table class="codes">
              <tr>
                <td style="white-space:nowrap">
                  <b>Code</b>
                </td>
                <td>
                  <b>System</b>
                </td>
                <td>
                  <b>Display</b>
                </td>
              </tr>
              <tr>
                <td style="white-space:nowrap">
                  <a name="http---loinc.org-25842-6"> </a>  
                  <a href="https://loinc.org/25842-6/">25842-6</a>
                </td>
                <td>http://loinc.org</td>
                <td>HIV 2 proviral DNA [Presence] in Specimen by NAA with probe detection</td>
              </tr>
              <tr>
                <td style="white-space:nowrap">
                  <a name="http---loinc.org-25836-8"> </a>  
                  <a href="https://loinc.org/25836-8/">25836-8</a>
                </td>
                <td>http://loinc.org</td>
                <td>HIV 1 RNA [#/volume] (viral load) in Specimen by NAA with probe detection</td>
              </tr>
              <tr>
                <td style="white-space:nowrap">
                  <a name="http---loinc.org-24467-3"> </a>  
                  <a href="https://loinc.org/24467-3/">24467-3</a>
                </td>
                <td>http://loinc.org</td>
                <td>CD3+CD4+ (T4 helper) cells [#/volume] in Blood</td>
              </tr>
            </table>
          </div>
        </text>
        <url value="http://openhie.org/fhir/hiv-program-monitoring/ValueSet/vs-test-types"/>
        <version value="0.2.0"/>
        <name value="VSTestTypes"/>
        <title value="Test Types"/>
        <status value="active"/>
        <experimental value="false"/>
        <date value="2023-03-07T14:13:00+00:00"/>
        <publisher value="Jembi Health Systems"/>
        <contact>
          <telecom>
            <system value="url"/>
            <value value="https://www.jembi.org"/>
          </telecom>
          <telecom>
            <system value="email"/>
            <value value="info@jembi.org"/>
          </telecom>
        </contact>
        <description value="A list of HIV test types"/>
        <jurisdiction>
          <coding>
            <system value="http://unstats.un.org/unsd/methods/m49/m49.htm"/>
            <code value="001"/>
          </coding>
        </jurisdiction>
        <expansion>
          <identifier value="urn:uuid:8b8de1a9-140a-40ef-8769-ec444ffdaf83"/>
          <timestamp value="2023-03-07T14:13:41+00:00"/>
          <total value="3"/>
          <parameter>
            <name value="excludeNested"/>
            <valueBoolean value="false"/>
          </parameter>
          <parameter>
            <name value="limitedExpansion"/>
            <valueBoolean value="true"/>
          </parameter>
          <parameter>
            <name value="version"/>
            <valueUri value="http://loinc.org|2.73"/>
          </parameter>
          <contains>
            <system value="http://loinc.org"/>
            <code value="25842-6"/>
            <display value="HIV 2 proviral DNA [Presence] in Specimen by NAA with probe detection"/>
          </contains>
          <contains>
            <system value="http://loinc.org"/>
            <code value="25836-8"/>
            <display value="HIV 1 RNA [#/volume] (viral load) in Specimen by NAA with probe detection"/>
          </contains>
          <contains>
            <system value="http://loinc.org"/>
            <code value="24467-3"/>
            <display value="CD3+CD4+ (T4 helper) cells [#/volume] in Blood"/>
          </contains>
        </expansion>
      </ValueSet>
    </resource>
  </entry>
  <entry>
    <fullUrl value="http://openhie.org/fhir/hiv-program-monitoring/ValueSet/vs-artregimen-lines"/>
    <resource>
      <ValueSet>
        <id value="vs-artregimen-lines"/>
        <text>
          <status value="generated"/>
          <div xmlns="http://www.w3.org/1999/xhtml">
            <p>This value set contains 3 concepts</p>
            <p style="border: black 1px dotted; background-color: #EEEEEE; padding: 8px; margin-bottom: 8px">Expansion based on SNOMED CT International edition 31-Jul 2022</p>
            <table class="codes">
              <tr>
                <td style="white-space:nowrap">
                  <b>Code</b>
                </td>
                <td>
                  <b>System</b>
                </td>
                <td>
                  <b>Display</b>
                </td>
              </tr>
              <tr>
                <td style="white-space:nowrap">
                  <a name="http---snomed.info-sct-708255002"> </a>  
                  <a href="http://snomed.info/id/708255002">708255002</a>
                </td>
                <td>http://snomed.info/sct</td>
                <td>First line treatment (procedure)</td>
              </tr>
              <tr>
                <td style="white-space:nowrap">
                  <a name="http---snomed.info-sct-708256001"> </a>  
                  <a href="http://snomed.info/id/708256001">708256001</a>
                </td>
                <td>http://snomed.info/sct</td>
                <td>Second line treatment (procedure)</td>
              </tr>
              <tr>
                <td style="white-space:nowrap">
                  <a name="http---snomed.info-sct-708257005"> </a>  
                  <a href="http://snomed.info/id/708257005">708257005</a>
                </td>
                <td>http://snomed.info/sct</td>
                <td>Third line treatment (procedure)</td>
              </tr>
            </table>
          </div>
        </text>
        <url value="http://openhie.org/fhir/hiv-program-monitoring/ValueSet/vs-artregimen-lines"/>
        <version value="0.2.0"/>
        <name value="VSARTRegimenLines"/>
        <title value="ART Regimen Lines"/>
        <status value="active"/>
        <experimental value="false"/>
        <date value="2023-03-07T14:13:00+00:00"/>
        <publisher value="Jembi Health Systems"/>
        <contact>
          <telecom>
            <system value="url"/>
            <value value="https://www.jembi.org"/>
          </telecom>
          <telecom>
            <system value="email"/>
            <value value="info@jembi.org"/>
          </telecom>
        </contact>
        <description value="A list of ART regimen therapeutic lines."/>
        <jurisdiction>
          <coding>
            <system value="http://unstats.un.org/unsd/methods/m49/m49.htm"/>
            <code value="001"/>
          </coding>
        </jurisdiction>
        <expansion>
          <identifier value="urn:uuid:271c2eb5-c0a4-4f9a-a606-ab6798930bf8"/>
          <timestamp value="2023-03-07T14:13:41+00:00"/>
          <total value="3"/>
          <parameter>
            <name value="excludeNested"/>
            <valueBoolean value="false"/>
          </parameter>
          <parameter>
            <name value="limitedExpansion"/>
            <valueBoolean value="true"/>
          </parameter>
          <parameter>
            <name value="version"/>
            <valueUri value="http://snomed.info/sct|http://snomed.info/sct/900000000000207008/version/20220731"/>
          </parameter>
          <contains>
            <system value="http://snomed.info/sct"/>
            <code value="708255002"/>
            <display value="First line treatment (procedure)"/>
          </contains>
          <contains>
            <system value="http://snomed.info/sct"/>
            <code value="708256001"/>
            <display value="Second line treatment (procedure)"/>
          </contains>
          <contains>
            <system value="http://snomed.info/sct"/>
            <code value="708257005"/>
            <display value="Third line treatment (procedure)"/>
          </contains>
        </expansion>
      </ValueSet>
    </resource>
  </entry>
  <entry>
    <fullUrl value="http://openhie.org/fhir/hiv-program-monitoring/ValueSet/vs-specimen-type"/>
    <resource>
      <ValueSet>
        <id value="vs-specimen-type"/>
        <text>
          <status value="generated"/>
          <div xmlns="http://www.w3.org/1999/xhtml">
            <p>This value set contains 5 concepts</p>
            <p style="border: black 1px dotted; background-color: #EEEEEE; padding: 8px; margin-bottom: 8px">Expansion based on SNOMED CT International edition 31-Jul 2022</p>
            <table class="codes">
              <tr>
                <td style="white-space:nowrap">
                  <b>Code</b>
                </td>
                <td>
                  <b>System</b>
                </td>
                <td>
                  <b>Display</b>
                </td>
              </tr>
              <tr>
                <td style="white-space:nowrap">
                  <a name="http---snomed.info-sct-119361006"> </a>  
                  <a href="http://snomed.info/id/119361006">119361006</a>
                </td>
                <td>http://snomed.info/sct</td>
                <td>Plasma specimen (specimen)</td>
              </tr>
              <tr>
                <td style="white-space:nowrap">
                  <a name="http---snomed.info-sct-440500007"> </a>  
                  <a href="http://snomed.info/id/440500007">440500007</a>
                </td>
                <td>http://snomed.info/sct</td>
                <td>Dried blood spot specimen (specimen)</td>
              </tr>
              <tr>
                <td style="white-space:nowrap">
                  <a name="http---snomed.info-sct-441620008"> </a>  
                  <a href="http://snomed.info/id/441620008">441620008</a>
                </td>
                <td>http://snomed.info/sct</td>
                <td>Oral fluid specimen (specimen)</td>
              </tr>
              <tr>
                <td style="white-space:nowrap">
                  <a name="http---snomed.info-sct-258580003"> </a>  
                  <a href="http://snomed.info/id/258580003">258580003</a>
                </td>
                <td>http://snomed.info/sct</td>
                <td>Whole blood specimen (specimen)</td>
              </tr>
              <tr>
                <td style="white-space:nowrap">
                  <a name="http---snomed.info-sct-119364003"> </a>  
                  <a href="http://snomed.info/id/119364003">119364003</a>
                </td>
                <td>http://snomed.info/sct</td>
                <td>Serum specimen (specimen)</td>
              </tr>
            </table>
          </div>
        </text>
        <url value="http://openhie.org/fhir/hiv-program-monitoring/ValueSet/vs-specimen-type"/>
        <version value="0.2.0"/>
        <name value="VSSpecimenType"/>
        <title value="Specimen Type Used In Viral Load testing"/>
        <status value="active"/>
        <experimental value="false"/>
        <date value="2023-03-07T14:13:00+00:00"/>
        <publisher value="Jembi Health Systems"/>
        <contact>
          <telecom>
            <system value="url"/>
            <value value="https://www.jembi.org"/>
          </telecom>
          <telecom>
            <system value="email"/>
            <value value="info@jembi.org"/>
          </telecom>
        </contact>
        <description value="A list of specimen types."/>
        <jurisdiction>
          <coding>
            <system value="http://unstats.un.org/unsd/methods/m49/m49.htm"/>
            <code value="001"/>
          </coding>
        </jurisdiction>
        <expansion>
          <identifier value="urn:uuid:1694415c-eb36-4402-b2aa-d9809e451d2b"/>
          <timestamp value="2023-03-07T14:13:42+00:00"/>
          <total value="5"/>
          <parameter>
            <name value="excludeNested"/>
            <valueBoolean value="false"/>
          </parameter>
          <parameter>
            <name value="limitedExpansion"/>
            <valueBoolean value="true"/>
          </parameter>
          <parameter>
            <name value="version"/>
            <valueUri value="http://snomed.info/sct|http://snomed.info/sct/900000000000207008/version/20220731"/>
          </parameter>
          <contains>
            <system value="http://snomed.info/sct"/>
            <code value="119361006"/>
            <display value="Plasma specimen (specimen)"/>
          </contains>
          <contains>
            <system value="http://snomed.info/sct"/>
            <code value="440500007"/>
            <display value="Dried blood spot specimen (specimen)"/>
          </contains>
          <contains>
            <system value="http://snomed.info/sct"/>
            <code value="441620008"/>
            <display value="Oral fluid specimen (specimen)"/>
          </contains>
          <contains>
            <system value="http://snomed.info/sct"/>
            <code value="258580003"/>
            <display value="Whole blood specimen (specimen)"/>
          </contains>
          <contains>
            <system value="http://snomed.info/sct"/>
            <code value="119364003"/>
            <display value="Serum specimen (specimen)"/>
          </contains>
        </expansion>
      </ValueSet>
    </resource>
  </entry>
  <entry>
    <fullUrl value="http://openhie.org/fhir/hiv-program-monitoring/ValueSet/vs-vl-result-code"/>
    <resource>
      <ValueSet>
        <id value="vs-vl-result-code"/>
        <text>
          <status value="generated"/>
          <div xmlns="http://www.w3.org/1999/xhtml">
            <p>This value set contains 1 concepts</p>
            <p style="border: black 1px dotted; background-color: #EEEEEE; padding: 8px; margin-bottom: 8px">Expansion based on SNOMED CT International edition 31-Jul 2022</p>
            <table class="codes">
              <tr>
                <td style="white-space:nowrap">
                  <b>Code</b>
                </td>
                <td>
                  <b>System</b>
                </td>
                <td>
                  <b>Display</b>
                </td>
              </tr>
              <tr>
                <td style="white-space:nowrap">
                  <a name="http---snomed.info-sct-398579006"> </a>  
                  <a href="http://snomed.info/id/398579006">398579006</a>
                </td>
                <td>http://snomed.info/sct</td>
                <td>Human immunodeficiency virus-1 nucleic acid assay (procedure)</td>
              </tr>
            </table>
          </div>
        </text>
        <url value="http://openhie.org/fhir/hiv-program-monitoring/ValueSet/vs-vl-result-code"/>
        <version value="0.2.0"/>
        <name value="VSVLResultCode"/>
        <title value="Viral Load Result Code"/>
        <status value="active"/>
        <experimental value="false"/>
        <date value="2023-03-07T14:13:00+00:00"/>
        <publisher value="Jembi Health Systems"/>
        <contact>
          <telecom>
            <system value="url"/>
            <value value="https://www.jembi.org"/>
          </telecom>
          <telecom>
            <system value="email"/>
            <value value="info@jembi.org"/>
          </telecom>
        </contact>
        <description value="A code used to indicate the category for the lab result."/>
        <jurisdiction>
          <coding>
            <system value="http://unstats.un.org/unsd/methods/m49/m49.htm"/>
            <code value="001"/>
          </coding>
        </jurisdiction>
        <expansion>
          <identifier value="urn:uuid:3656d967-1499-465b-a0a4-cad2c100154b"/>
          <timestamp value="2023-03-07T14:13:42+00:00"/>
          <total value="1"/>
          <parameter>
            <name value="excludeNested"/>
            <valueBoolean value="false"/>
          </parameter>
          <parameter>
            <name value="limitedExpansion"/>
            <valueBoolean value="true"/>
          </parameter>
          <parameter>
            <name value="version"/>
            <valueUri value="http://snomed.info/sct|http://snomed.info/sct/900000000000207008/version/20220731"/>
          </parameter>
          <contains>
            <system value="http://snomed.info/sct"/>
            <code value="398579006"/>
            <display value="Human immunodeficiency virus-1 nucleic acid assay (procedure)"/>
          </contains>
        </expansion>
      </ValueSet>
    </resource>
  </entry>
  <entry>
    <fullUrl value="http://openhie.org/fhir/hiv-program-monitoring/ValueSet/vs-arvtreatment-activity-type"/>
    <resource>
      <ValueSet>
        <id value="vs-arvtreatment-activity-type"/>
        <text>
          <status value="generated"/>
          <div xmlns="http://www.w3.org/1999/xhtml">
            <p>This value set contains 1 concepts</p>
            <p style="border: black 1px dotted; background-color: #EEEEEE; padding: 8px; margin-bottom: 8px">Expansion based on Loinc v2.73</p>
            <table class="codes">
              <tr>
                <td style="white-space:nowrap">
                  <b>Code</b>
                </td>
                <td>
                  <b>System</b>
                </td>
                <td>
                  <b>Display</b>
                </td>
              </tr>
              <tr>
                <td style="white-space:nowrap">
                  <a name="http---loinc.org-45260-7"> </a>  
                  <a href="https://loinc.org/45260-7/">45260-7</a>
                </td>
                <td>http://loinc.org</td>
                <td>HIV ART medication</td>
              </tr>
            </table>
          </div>
        </text>
        <url value="http://openhie.org/fhir/hiv-program-monitoring/ValueSet/vs-arvtreatment-activity-type"/>
        <version value="0.2.0"/>
        <name value="VSARVMedicationRequest"/>
        <title value="ARV Treatment Medication Request"/>
        <status value="active"/>
        <experimental value="false"/>
        <date value="2023-03-07T14:13:00+00:00"/>
        <publisher value="Jembi Health Systems"/>
        <contact>
          <telecom>
            <system value="url"/>
            <value value="https://www.jembi.org"/>
          </telecom>
          <telecom>
            <system value="email"/>
            <value value="info@jembi.org"/>
          </telecom>
        </contact>
        <description value="Codes used to represent a medication request for ART."/>
        <jurisdiction>
          <coding>
            <system value="http://unstats.un.org/unsd/methods/m49/m49.htm"/>
            <code value="001"/>
          </coding>
        </jurisdiction>
        <expansion>
          <identifier value="urn:uuid:18b2dc9f-1b5a-4db4-958e-975b4aee3576"/>
          <timestamp value="2023-03-07T14:13:42+00:00"/>
          <total value="1"/>
          <parameter>
            <name value="excludeNested"/>
            <valueBoolean value="false"/>
          </parameter>
          <parameter>
            <name value="limitedExpansion"/>
            <valueBoolean value="true"/>
          </parameter>
          <parameter>
            <name value="version"/>
            <valueUri value="http://loinc.org|2.73"/>
          </parameter>
          <contains>
            <system value="http://loinc.org"/>
            <code value="45260-7"/>
            <display value="HIV ART medication"/>
          </contains>
        </expansion>
      </ValueSet>
    </resource>
  </entry>
  <entry>
    <fullUrl value="http://openhie.org/fhir/hiv-program-monitoring/ValueSet/vs-transferred-out"/>
    <resource>
      <ValueSet>
        <id value="vs-transferred-out"/>
        <text>
          <status value="generated"/>
          <div xmlns="http://www.w3.org/1999/xhtml">
            <p>This value set contains 1 concepts</p>
            <p style="border: black 1px dotted; background-color: #EEEEEE; padding: 8px; margin-bottom: 8px">Expansion based on Loinc v2.73</p>
            <table class="codes">
              <tr>
                <td style="white-space:nowrap">
                  <b>Code</b>
                </td>
                <td>
                  <b>System</b>
                </td>
                <td>
                  <b>Display</b>
                </td>
              </tr>
              <tr>
                <td style="white-space:nowrap">
                  <a name="http---loinc.org-LA20597-3"> </a>  
                  <a href="https://loinc.org/LA20597-3/">LA20597-3</a>
                </td>
                <td>http://loinc.org</td>
                <td>Transferred to another hospital</td>
              </tr>
            </table>
          </div>
        </text>
        <url value="http://openhie.org/fhir/hiv-program-monitoring/ValueSet/vs-transferred-out"/>
        <version value="0.2.0"/>
        <name value="VSTransferredOut"/>
        <title value="Transferred out"/>
        <status value="active"/>
        <experimental value="false"/>
        <date value="2023-03-07T14:13:00+00:00"/>
        <publisher value="Jembi Health Systems"/>
        <contact>
          <telecom>
            <system value="url"/>
            <value value="https://www.jembi.org"/>
          </telecom>
          <telecom>
            <system value="email"/>
            <value value="info@jembi.org"/>
          </telecom>
        </contact>
        <description value="Transferred out codes"/>
        <jurisdiction>
          <coding>
            <system value="http://unstats.un.org/unsd/methods/m49/m49.htm"/>
            <code value="001"/>
          </coding>
        </jurisdiction>
        <expansion>
          <identifier value="urn:uuid:f6382723-b9f5-4b9d-9ff4-2194bdeea092"/>
          <timestamp value="2023-03-07T14:13:43+00:00"/>
          <total value="1"/>
          <parameter>
            <name value="excludeNested"/>
            <valueBoolean value="false"/>
          </parameter>
          <parameter>
            <name value="limitedExpansion"/>
            <valueBoolean value="true"/>
          </parameter>
          <parameter>
            <name value="version"/>
            <valueUri value="http://loinc.org|2.73"/>
          </parameter>
          <contains>
            <system value="http://loinc.org"/>
            <code value="LA20597-3"/>
            <display value="Transferred to another hospital"/>
          </contains>
        </expansion>
      </ValueSet>
    </resource>
  </entry>
</Bundle>