{
  "resourceType" : "Bundle",
  "id" : "dfeb980e-7aeb-415a-911c-78e0077ffefb",
  "meta" : {
    "lastUpdated" : "2023-02-15T10:30:33.689+00:00"
  },
  "type" : "collection",
  "entry" : [{
    "fullUrl" : "http://openhie.org/fhir/hiv-program-monitoring/ValueSet/vs-vl-result-code",
    "resource" : {
      "resourceType" : "ValueSet",
      "id" : "vs-vl-result-code",
      "text" : {
        "status" : "generated",
        "div" : "<div xmlns=\"http://www.w3.org/1999/xhtml\"><p>This value set contains 1 concepts</p><p style=\"border: black 1px dotted; background-color: #EEEEEE; padding: 8px; margin-bottom: 8px\">Expansion based on <a href=\"CodeSystem-cs-vl-result-code.html\">Viral Load Result Code v0.1.0-test (CodeSystem)</a></p><table class=\"codes\"><tr><td style=\"white-space:nowrap\"><b>Code</b></td><td><b>System</b></td><td><b>Display</b></td></tr><tr><td style=\"white-space:nowrap\"><a name=\"http---openhie.org-fhir-hiv-program-monitoring-CodeSystem-cs-vl-result-code-VL-RESULT\"> </a>  <a href=\"CodeSystem-cs-vl-result-code.html#cs-vl-result-code-VL-RESULT\">VL-RESULT</a></td><td>http://openhie.org/fhir/hiv-program-monitoring/CodeSystem/cs-vl-result-code</td><td>HIV VL Test Result</td></tr></table></div>"
      },
      "url" : "http://openhie.org/fhir/hiv-program-monitoring/ValueSet/vs-vl-result-code",
      "version" : "0.1.0-test",
      "name" : "VSVLResultCode",
      "title" : "Viral Load Result Code",
      "status" : "active",
      "experimental" : false,
      "date" : "2023-02-15T10:30:33+00:00",
      "publisher" : "Jembi Health Systems",
      "contact" : [{
        "telecom" : [{
          "system" : "url",
          "value" : "https://www.jembi.org"
        },
        {
          "system" : "email",
          "value" : "info@jembi.org"
        }]
      }],
      "description" : "Viral Load Result Code",
      "jurisdiction" : [{
        "coding" : [{
          "system" : "http://unstats.un.org/unsd/methods/m49/m49.htm",
          "code" : "001"
        }]
      }],
      "expansion" : {
        "identifier" : "urn:uuid:3f5f98af-119a-45d7-ad34-14f75ebfe2b2",
        "timestamp" : "2023-02-15T10:30:51+00:00",
        "total" : 1,
        "parameter" : [{
          "name" : "excludeNested",
          "valueBoolean" : false
        },
        {
          "name" : "version",
          "valueUri" : "http://openhie.org/fhir/hiv-program-monitoring/CodeSystem/cs-vl-result-code|0.1.0-test"
        }],
        "contains" : [{
          "system" : "http://openhie.org/fhir/hiv-program-monitoring/CodeSystem/cs-vl-result-code",
          "code" : "VL-RESULT",
          "display" : "HIV VL Test Result"
        }]
      }
    }
  },
  {
    "fullUrl" : "http://openhie.org/fhir/hiv-program-monitoring/ValueSet/vs-patient-enrollment-type",
    "resource" : {
      "resourceType" : "ValueSet",
      "id" : "vs-patient-enrollment-type",
      "text" : {
        "status" : "generated",
        "div" : "<div xmlns=\"http://www.w3.org/1999/xhtml\"><p>This value set contains 4 concepts</p><div style=\"border: black 1px dotted; background-color: #EEEEEE; padding: 8px; margin-bottom: 8px\"><p>Expansion based on: </p><ul><li>SNOMED CT International edition 31-Jul 2022</li><li><a href=\"CodeSystem-cs-patient-enrollment-type.html\">Patient Type at Enrolment v0.1.0-test (CodeSystem)</a></li></ul></div><table class=\"codes\"><tr><td style=\"white-space:nowrap\"><b>Code</b></td><td><b>System</b></td><td><b>Display</b></td></tr><tr><td style=\"white-space:nowrap\"><a name=\"http---snomed.info-sct-185387006\"> </a>  <a href=\"http://snomed.info/id/185387006\">185387006</a></td><td>http://snomed.info/sct</td><td>New patient consultation (procedure)</td></tr><tr><td style=\"white-space:nowrap\"><a name=\"http---snomed.info-sct-309037001\"> </a>  <a href=\"http://snomed.info/id/309037001\">309037001</a></td><td>http://snomed.info/sct</td><td>Transfer status (finding)</td></tr><tr><td style=\"white-space:nowrap\"><a name=\"http---openhie.org-fhir-hiv-program-monitoring-CodeSystem-cs-patient-enrollment-type-PMTCT\"> </a>  <a href=\"CodeSystem-cs-patient-enrollment-type.html#cs-patient-enrollment-type-PMTCT\">PMTCT</a></td><td>http://openhie.org/fhir/hiv-program-monitoring/CodeSystem/cs-patient-enrollment-type</td><td>Mother enrolled in PMTCT program</td></tr><tr><td style=\"white-space:nowrap\"><a name=\"http---openhie.org-fhir-hiv-program-monitoring-CodeSystem-cs-patient-enrollment-type-Re-enroll\"> </a>  <a href=\"CodeSystem-cs-patient-enrollment-type.html#cs-patient-enrollment-type-Re-enroll\">Re-enroll</a></td><td>http://openhie.org/fhir/hiv-program-monitoring/CodeSystem/cs-patient-enrollment-type</td><td>Re-enroll</td></tr></table></div>"
      },
      "url" : "http://openhie.org/fhir/hiv-program-monitoring/ValueSet/vs-patient-enrollment-type",
      "version" : "0.1.0-test",
      "name" : "VSPatientEnrollmentType",
      "title" : "Patient Type at Enrolment",
      "status" : "active",
      "experimental" : false,
      "date" : "2023-02-15T10:30:33+00:00",
      "publisher" : "Jembi Health Systems",
      "contact" : [{
        "telecom" : [{
          "system" : "url",
          "value" : "https://www.jembi.org"
        },
        {
          "system" : "email",
          "value" : "info@jembi.org"
        }]
      }],
      "description" : "A list of Patient Types at Enrolment",
      "jurisdiction" : [{
        "coding" : [{
          "system" : "http://unstats.un.org/unsd/methods/m49/m49.htm",
          "code" : "001"
        }]
      }],
      "expansion" : {
        "identifier" : "urn:uuid:7ed3b3ad-72e1-4861-bcd7-ccef71e339af",
        "timestamp" : "2023-02-15T10:30:52+00:00",
        "total" : 4,
        "parameter" : [{
          "name" : "excludeNested",
          "valueBoolean" : false
        },
        {
          "name" : "limitedExpansion",
          "valueBoolean" : true
        },
        {
          "name" : "version",
          "valueUri" : "http://snomed.info/sct|http://snomed.info/sct/900000000000207008/version/20220731"
        },
        {
          "name" : "version",
          "valueUri" : "http://openhie.org/fhir/hiv-program-monitoring/CodeSystem/cs-patient-enrollment-type|0.1.0-test"
        }],
        "contains" : [{
          "system" : "http://snomed.info/sct",
          "code" : "185387006",
          "display" : "New patient consultation (procedure)"
        },
        {
          "system" : "http://snomed.info/sct",
          "code" : "309037001",
          "display" : "Transfer status (finding)"
        },
        {
          "system" : "http://openhie.org/fhir/hiv-program-monitoring/CodeSystem/cs-patient-enrollment-type",
          "code" : "PMTCT",
          "display" : "Mother enrolled in PMTCT program"
        },
        {
          "system" : "http://openhie.org/fhir/hiv-program-monitoring/CodeSystem/cs-patient-enrollment-type",
          "code" : "Re-enroll",
          "display" : "Re-enroll"
        }]
      }
    }
  },
  {
    "fullUrl" : "http://openhie.org/fhir/hiv-program-monitoring/ValueSet/vs-arvtreatment-activity-type",
    "resource" : {
      "resourceType" : "ValueSet",
      "id" : "vs-arvtreatment-activity-type",
      "text" : {
        "status" : "generated",
        "div" : "<div xmlns=\"http://www.w3.org/1999/xhtml\"><p>This value set contains 1 concepts</p><p style=\"border: black 1px dotted; background-color: #EEEEEE; padding: 8px; margin-bottom: 8px\">Expansion based on Loinc v2.73</p><table class=\"codes\"><tr><td style=\"white-space:nowrap\"><b>Code</b></td><td><b>System</b></td><td><b>Display</b></td></tr><tr><td style=\"white-space:nowrap\"><a name=\"http---loinc.org-45260-7\"> </a>  <a href=\"https://loinc.org/45260-7/\">45260-7</a></td><td>http://loinc.org</td><td>HIV ART medication</td></tr></table></div>"
      },
      "url" : "http://openhie.org/fhir/hiv-program-monitoring/ValueSet/vs-arvtreatment-activity-type",
      "version" : "0.1.0-test",
      "name" : "VSARVMedicationRequest",
      "title" : "ARV Treatment Medication Request",
      "status" : "active",
      "experimental" : false,
      "date" : "2023-02-15T10:30:33+00:00",
      "publisher" : "Jembi Health Systems",
      "contact" : [{
        "telecom" : [{
          "system" : "url",
          "value" : "https://www.jembi.org"
        },
        {
          "system" : "email",
          "value" : "info@jembi.org"
        }]
      }],
      "description" : "ARV Treatment Medication Request",
      "jurisdiction" : [{
        "coding" : [{
          "system" : "http://unstats.un.org/unsd/methods/m49/m49.htm",
          "code" : "001"
        }]
      }],
      "expansion" : {
        "identifier" : "urn:uuid:bc4a44cc-2558-4883-9e34-c25694c0495a",
        "timestamp" : "2023-02-15T10:30:57+00:00",
        "total" : 1,
        "parameter" : [{
          "name" : "excludeNested",
          "valueBoolean" : false
        },
        {
          "name" : "limitedExpansion",
          "valueBoolean" : true
        },
        {
          "name" : "version",
          "valueUri" : "http://loinc.org|2.73"
        }],
        "contains" : [{
          "system" : "http://loinc.org",
          "code" : "45260-7",
          "display" : "HIV ART medication"
        }]
      }
    }
  },
  {
    "fullUrl" : "http://openhie.org/fhir/hiv-program-monitoring/ValueSet/vs-hiv-death",
    "resource" : {
      "resourceType" : "ValueSet",
      "id" : "vs-hiv-death",
      "text" : {
        "status" : "generated",
        "div" : "<div xmlns=\"http://www.w3.org/1999/xhtml\"><p>This value set contains 1 concepts</p><p style=\"border: black 1px dotted; background-color: #EEEEEE; padding: 8px; margin-bottom: 8px\">Expansion based on SNOMED CT International edition 31-Jul 2022</p><table class=\"codes\"><tr><td style=\"white-space:nowrap\"><b>Code</b></td><td><b>System</b></td><td><b>Display</b></td></tr><tr><td style=\"white-space:nowrap\"><a name=\"http---snomed.info-sct-419099009\"> </a>  <a href=\"http://snomed.info/id/419099009\">419099009</a></td><td>http://snomed.info/sct</td><td>Dead (finding)</td></tr></table></div>"
      },
      "url" : "http://openhie.org/fhir/hiv-program-monitoring/ValueSet/vs-hiv-death",
      "version" : "0.1.0-test",
      "name" : "VSHIVDeath",
      "title" : "Death",
      "status" : "active",
      "experimental" : false,
      "date" : "2023-02-15T10:30:33+00:00",
      "publisher" : "Jembi Health Systems",
      "contact" : [{
        "telecom" : [{
          "system" : "url",
          "value" : "https://www.jembi.org"
        },
        {
          "system" : "email",
          "value" : "info@jembi.org"
        }]
      }],
      "description" : "A list of possible HIV deaths",
      "jurisdiction" : [{
        "coding" : [{
          "system" : "http://unstats.un.org/unsd/methods/m49/m49.htm",
          "code" : "001"
        }]
      }],
      "expansion" : {
        "identifier" : "urn:uuid:56567bf9-bc4d-4180-aa6c-da00fad28951",
        "timestamp" : "2023-02-15T10:30:59+00:00",
        "total" : 1,
        "parameter" : [{
          "name" : "excludeNested",
          "valueBoolean" : false
        },
        {
          "name" : "limitedExpansion",
          "valueBoolean" : true
        },
        {
          "name" : "version",
          "valueUri" : "http://snomed.info/sct|http://snomed.info/sct/900000000000207008/version/20220731"
        }],
        "contains" : [{
          "system" : "http://snomed.info/sct",
          "code" : "419099009",
          "display" : "Dead (finding)"
        }]
      }
    }
  },
  {
    "fullUrl" : "http://openhie.org/fhir/hiv-program-monitoring/ValueSet/vs-hiv-test-done",
    "resource" : {
      "resourceType" : "ValueSet",
      "id" : "vs-hiv-test-done",
      "text" : {
        "status" : "generated",
        "div" : "<div xmlns=\"http://www.w3.org/1999/xhtml\"><p>This value set contains 1 concepts</p><p style=\"border: black 1px dotted; background-color: #EEEEEE; padding: 8px; margin-bottom: 8px\">Expansion based on SNOMED CT International edition 31-Jul 2022</p><table class=\"codes\"><tr><td style=\"white-space:nowrap\"><b>Code</b></td><td><b>System</b></td><td><b>Display</b></td></tr><tr><td style=\"white-space:nowrap\"><a name=\"http---snomed.info-sct-315124004\"> </a>  <a href=\"http://snomed.info/id/315124004\">315124004</a></td><td>http://snomed.info/sct</td><td>Human immunodeficiency virus viral load (procedure)</td></tr></table></div>"
      },
      "url" : "http://openhie.org/fhir/hiv-program-monitoring/ValueSet/vs-hiv-test-done",
      "version" : "0.1.0-test",
      "name" : "VSHIVTestDone",
      "title" : "HIV Test Done",
      "status" : "active",
      "experimental" : false,
      "date" : "2023-02-15T10:30:33+00:00",
      "publisher" : "Jembi Health Systems",
      "contact" : [{
        "telecom" : [{
          "system" : "url",
          "value" : "https://www.jembi.org"
        },
        {
          "system" : "email",
          "value" : "info@jembi.org"
        }]
      }],
      "description" : "HIV Test Done",
      "jurisdiction" : [{
        "coding" : [{
          "system" : "http://unstats.un.org/unsd/methods/m49/m49.htm",
          "code" : "001"
        }]
      }],
      "expansion" : {
        "identifier" : "urn:uuid:a0909008-f00b-409e-9ce5-22f308e38c4d",
        "timestamp" : "2023-02-15T10:31:00+00:00",
        "total" : 1,
        "parameter" : [{
          "name" : "excludeNested",
          "valueBoolean" : false
        },
        {
          "name" : "limitedExpansion",
          "valueBoolean" : true
        },
        {
          "name" : "version",
          "valueUri" : "http://snomed.info/sct|http://snomed.info/sct/900000000000207008/version/20220731"
        }],
        "contains" : [{
          "system" : "http://snomed.info/sct",
          "code" : "315124004",
          "display" : "Human immunodeficiency virus viral load (procedure)"
        }]
      }
    }
  },
  {
    "fullUrl" : "http://openhie.org/fhir/hiv-program-monitoring/ValueSet/vs-artregimen-lines",
    "resource" : {
      "resourceType" : "ValueSet",
      "id" : "vs-artregimen-lines",
      "text" : {
        "status" : "generated",
        "div" : "<div xmlns=\"http://www.w3.org/1999/xhtml\"><p>This value set contains 3 concepts</p><p style=\"border: black 1px dotted; background-color: #EEEEEE; padding: 8px; margin-bottom: 8px\">Expansion based on SNOMED CT International edition 31-Jul 2022</p><table class=\"codes\"><tr><td style=\"white-space:nowrap\"><b>Code</b></td><td><b>System</b></td><td><b>Display</b></td></tr><tr><td style=\"white-space:nowrap\"><a name=\"http---snomed.info-sct-708255002\"> </a>  <a href=\"http://snomed.info/id/708255002\">708255002</a></td><td>http://snomed.info/sct</td><td>First line treatment (procedure)</td></tr><tr><td style=\"white-space:nowrap\"><a name=\"http---snomed.info-sct-708256001\"> </a>  <a href=\"http://snomed.info/id/708256001\">708256001</a></td><td>http://snomed.info/sct</td><td>Second line treatment (procedure)</td></tr><tr><td style=\"white-space:nowrap\"><a name=\"http---snomed.info-sct-708257005\"> </a>  <a href=\"http://snomed.info/id/708257005\">708257005</a></td><td>http://snomed.info/sct</td><td>Third line treatment (procedure)</td></tr></table></div>"
      },
      "url" : "http://openhie.org/fhir/hiv-program-monitoring/ValueSet/vs-artregimen-lines",
      "version" : "0.1.0-test",
      "name" : "VSARTRegimenLines",
      "title" : "ART Regimen Lines",
      "status" : "active",
      "experimental" : false,
      "date" : "2023-02-15T10:30:33+00:00",
      "publisher" : "Jembi Health Systems",
      "contact" : [{
        "telecom" : [{
          "system" : "url",
          "value" : "https://www.jembi.org"
        },
        {
          "system" : "email",
          "value" : "info@jembi.org"
        }]
      }],
      "description" : "A list of ART Regimen Lines",
      "jurisdiction" : [{
        "coding" : [{
          "system" : "http://unstats.un.org/unsd/methods/m49/m49.htm",
          "code" : "001"
        }]
      }],
      "expansion" : {
        "identifier" : "urn:uuid:04d594ac-dda3-4807-b574-c8fe3a455173",
        "timestamp" : "2023-02-15T10:31:00+00:00",
        "total" : 3,
        "parameter" : [{
          "name" : "excludeNested",
          "valueBoolean" : false
        },
        {
          "name" : "limitedExpansion",
          "valueBoolean" : true
        },
        {
          "name" : "version",
          "valueUri" : "http://snomed.info/sct|http://snomed.info/sct/900000000000207008/version/20220731"
        }],
        "contains" : [{
          "system" : "http://snomed.info/sct",
          "code" : "708255002",
          "display" : "First line treatment (procedure)"
        },
        {
          "system" : "http://snomed.info/sct",
          "code" : "708256001",
          "display" : "Second line treatment (procedure)"
        },
        {
          "system" : "http://snomed.info/sct",
          "code" : "708257005",
          "display" : "Third line treatment (procedure)"
        }]
      }
    }
  },
  {
    "fullUrl" : "http://openhie.org/fhir/hiv-program-monitoring/ValueSet/vs-hiv-diagnosis",
    "resource" : {
      "resourceType" : "ValueSet",
      "id" : "vs-hiv-diagnosis",
      "text" : {
        "status" : "generated",
        "div" : "<div xmlns=\"http://www.w3.org/1999/xhtml\"><p>This value set contains 1 concepts</p><p style=\"border: black 1px dotted; background-color: #EEEEEE; padding: 8px; margin-bottom: 8px\">Expansion based on SNOMED CT International edition 31-Jul 2022</p><table class=\"codes\"><tr><td style=\"white-space:nowrap\"><b>Code</b></td><td><b>System</b></td><td><b>Display</b></td></tr><tr><td style=\"white-space:nowrap\"><a name=\"http---snomed.info-sct-86406008\"> </a>  <a href=\"http://snomed.info/id/86406008\">86406008</a></td><td>http://snomed.info/sct</td><td>Human immunodeficiency virus infection (disorder)</td></tr></table></div>"
      },
      "url" : "http://openhie.org/fhir/hiv-program-monitoring/ValueSet/vs-hiv-diagnosis",
      "version" : "0.1.0-test",
      "name" : "VSHIVDiagnosis",
      "title" : "HIV Diagnosis",
      "status" : "active",
      "experimental" : false,
      "date" : "2023-02-15T10:30:33+00:00",
      "publisher" : "Jembi Health Systems",
      "contact" : [{
        "telecom" : [{
          "system" : "url",
          "value" : "https://www.jembi.org"
        },
        {
          "system" : "email",
          "value" : "info@jembi.org"
        }]
      }],
      "description" : "A list of possible HIV diagnoses",
      "jurisdiction" : [{
        "coding" : [{
          "system" : "http://unstats.un.org/unsd/methods/m49/m49.htm",
          "code" : "001"
        }]
      }],
      "expansion" : {
        "identifier" : "urn:uuid:60c53a26-106d-4164-8dcb-a5871d6c28e7",
        "timestamp" : "2023-02-15T10:31:05+00:00",
        "total" : 1,
        "parameter" : [{
          "name" : "excludeNested",
          "valueBoolean" : false
        },
        {
          "name" : "limitedExpansion",
          "valueBoolean" : true
        },
        {
          "name" : "version",
          "valueUri" : "http://snomed.info/sct|http://snomed.info/sct/900000000000207008/version/20220731"
        }],
        "contains" : [{
          "system" : "http://snomed.info/sct",
          "code" : "86406008",
          "display" : "Human immunodeficiency virus infection (disorder)"
        }]
      }
    }
  },
  {
    "fullUrl" : "http://openhie.org/fhir/hiv-program-monitoring/ValueSet/vs-vl-suppression",
    "resource" : {
      "resourceType" : "ValueSet",
      "id" : "vs-vl-suppression",
      "text" : {
        "status" : "generated",
        "div" : "<div xmlns=\"http://www.w3.org/1999/xhtml\"><p>This value set contains 3 concepts</p><p style=\"border: black 1px dotted; background-color: #EEEEEE; padding: 8px; margin-bottom: 8px\">Expansion based on <a href=\"CodeSystem-cs-vl-suppression.html\">Viral load Suppressions Status v0.1.0-test (CodeSystem)</a></p><table class=\"codes\"><tr><td style=\"white-space:nowrap\"><b>Code</b></td><td><b>System</b></td><td><b>Display</b></td></tr><tr><td style=\"white-space:nowrap\"><a name=\"http---openhie.org-fhir-hiv-program-monitoring-CodeSystem-cs-vl-suppression-S\"> </a>  <a href=\"CodeSystem-cs-vl-suppression.html#cs-vl-suppression-S\">S</a></td><td>http://openhie.org/fhir/hiv-program-monitoring/CodeSystem/cs-vl-suppression</td><td>Suppressed</td></tr><tr><td style=\"white-space:nowrap\"><a name=\"http---openhie.org-fhir-hiv-program-monitoring-CodeSystem-cs-vl-suppression-UNSUP\"> </a>  <a href=\"CodeSystem-cs-vl-suppression.html#cs-vl-suppression-UNSUP\">UNSUP</a></td><td>http://openhie.org/fhir/hiv-program-monitoring/CodeSystem/cs-vl-suppression</td><td>Unsuppressed</td></tr><tr><td style=\"white-space:nowrap\"><a name=\"http---openhie.org-fhir-hiv-program-monitoring-CodeSystem-cs-vl-suppression-UNK\"> </a>  <a href=\"CodeSystem-cs-vl-suppression.html#cs-vl-suppression-UNK\">UNK</a></td><td>http://openhie.org/fhir/hiv-program-monitoring/CodeSystem/cs-vl-suppression</td><td>Unknown</td></tr></table></div>"
      },
      "url" : "http://openhie.org/fhir/hiv-program-monitoring/ValueSet/vs-vl-suppression",
      "version" : "0.1.0-test",
      "name" : "VSVLSuppression",
      "title" : "Viral load Suppressions Status",
      "status" : "active",
      "experimental" : false,
      "date" : "2023-02-15T10:30:33+00:00",
      "publisher" : "Jembi Health Systems",
      "contact" : [{
        "telecom" : [{
          "system" : "url",
          "value" : "https://www.jembi.org"
        },
        {
          "system" : "email",
          "value" : "info@jembi.org"
        }]
      }],
      "description" : "A list of Viral load Statuses",
      "jurisdiction" : [{
        "coding" : [{
          "system" : "http://unstats.un.org/unsd/methods/m49/m49.htm",
          "code" : "001"
        }]
      }],
      "expansion" : {
        "identifier" : "urn:uuid:f502bd44-6e46-4f11-b559-22e2762c9c8b",
        "timestamp" : "2023-02-15T10:31:05+00:00",
        "total" : 3,
        "parameter" : [{
          "name" : "excludeNested",
          "valueBoolean" : false
        },
        {
          "name" : "version",
          "valueUri" : "http://openhie.org/fhir/hiv-program-monitoring/CodeSystem/cs-vl-suppression|0.1.0-test"
        }],
        "contains" : [{
          "system" : "http://openhie.org/fhir/hiv-program-monitoring/CodeSystem/cs-vl-suppression",
          "code" : "S",
          "display" : "Suppressed"
        },
        {
          "system" : "http://openhie.org/fhir/hiv-program-monitoring/CodeSystem/cs-vl-suppression",
          "code" : "UNSUP",
          "display" : "Unsuppressed"
        },
        {
          "system" : "http://openhie.org/fhir/hiv-program-monitoring/CodeSystem/cs-vl-suppression",
          "code" : "UNK",
          "display" : "Unknown"
        }]
      }
    }
  }]
}