{"resourceType":"ImplementationGuide","id":"openhie.fhir.hiv.program-monitoring","text":{"status":"extensions","div":"<div xmlns=\"http://www.w3.org/1999/xhtml\"><h2>HIVProgramMonitoring</h2><p>The official URL for this implementation guide is: </p><pre>http://openhie.org/fhir/hiv-program-monitoring/ImplementationGuide/openhie.fhir.hiv.program-monitoring</pre><div><p>HIV Program Monitoring and Patient Care Coordination</p>\n</div></div>"},"url":"http://openhie.org/fhir/hiv-program-monitoring/ImplementationGuide/openhie.fhir.hiv.program-monitoring","version":"0.2.0","name":"HIVProgramMonitoring","title":"HIV Program Monitoring and Patient Care Coordination","status":"draft","experimental":false,"date":"2023-03-03T13:45:50+00:00","publisher":"Jembi Health Systems","contact":[{"telecom":[{"system":"url","value":"https://www.jembi.org"},{"system":"email","value":"info@jembi.org"}]}],"description":"HIV Program Monitoring and Patient Care Coordination","jurisdiction":[{"coding":[{"system":"http://unstats.un.org/unsd/methods/m49/m49.htm","code":"001"}]}],"packageId":"openhie.fhir.hiv.program-monitoring","license":"CC0-1.0","fhirVersion":["4.0.1"],"dependsOn":[{"id":"hl7tx","extension":[{"url":"http://hl7.org/fhir/tools/StructureDefinition/implementationguide-dependency-comment","valueMarkdown":"Automatically added as a dependency - all IGs depend on HL7 Terminology"}],"uri":"http://terminology.hl7.org/ImplementationGuide/hl7.terminology","packageId":"hl7.terminology.r4","version":"5.0.0"}],"definition":{"extension":[{"extension":[{"url":"code","valueString":"copyrightyear"},{"url":"value","valueString":"2019+"}],"url":"http://hl7.org/fhir/tools/StructureDefinition/ig-parameter"},{"extension":[{"url":"code","valueString":"releaselabel"},{"url":"value","valueString":"CI Build"}],"url":"http://hl7.org/fhir/tools/StructureDefinition/ig-parameter"},{"extension":[{"url":"code","valueString":"path-binary"},{"url":"value","valueString":"input\\cql"}],"url":"http://hl7.org/fhir/tools/StructureDefinition/ig-parameter"},{"extension":[{"url":"code","valueString":"path-liquid"},{"url":"value","valueString":"templates\\liquid"}],"url":"http://hl7.org/fhir/tools/StructureDefinition/ig-parameter"},{"extension":[{"url":"code","valueString":"autoload-resources"},{"url":"value","valueString":"true"}],"url":"http://hl7.org/fhir/tools/StructureDefinition/ig-parameter"},{"extension":[{"url":"code","valueString":"path-liquid"},{"url":"value","valueString":"template/liquid"}],"url":"http://hl7.org/fhir/tools/StructureDefinition/ig-parameter"},{"extension":[{"url":"code","valueString":"path-liquid"},{"url":"value","valueString":"input/liquid"}],"url":"http://hl7.org/fhir/tools/StructureDefinition/ig-parameter"},{"extension":[{"url":"code","valueString":"path-qa"},{"url":"value","valueString":"temp/qa"}],"url":"http://hl7.org/fhir/tools/StructureDefinition/ig-parameter"},{"extension":[{"url":"code","valueString":"path-temp"},{"url":"value","valueString":"temp/pages"}],"url":"http://hl7.org/fhir/tools/StructureDefinition/ig-parameter"},{"extension":[{"url":"code","valueString":"path-output"},{"url":"value","valueString":"output"}],"url":"http://hl7.org/fhir/tools/StructureDefinition/ig-parameter"},{"extension":[{"url":"code","valueString":"path-suppressed-warnings"},{"url":"value","valueString":"input/ignoreWarnings.txt"}],"url":"http://hl7.org/fhir/tools/StructureDefinition/ig-parameter"},{"extension":[{"url":"code","valueString":"path-history"},{"url":"value","valueString":"http://openhie.org/fhir/hiv-program-monitoring/history.html"}],"url":"http://hl7.org/fhir/tools/StructureDefinition/ig-parameter"},{"extension":[{"url":"code","valueString":"template-html"},{"url":"value","valueString":"template-page.html"}],"url":"http://hl7.org/fhir/tools/StructureDefinition/ig-parameter"},{"extension":[{"url":"code","valueString":"template-md"},{"url":"value","valueString":"template-page-md.html"}],"url":"http://hl7.org/fhir/tools/StructureDefinition/ig-parameter"},{"extension":[{"url":"code","valueString":"apply-contact"},{"url":"value","valueString":"true"}],"url":"http://hl7.org/fhir/tools/StructureDefinition/ig-parameter"},{"extension":[{"url":"code","valueString":"apply-context"},{"url":"value","valueString":"true"}],"url":"http://hl7.org/fhir/tools/StructureDefinition/ig-parameter"},{"extension":[{"url":"code","valueString":"apply-copyright"},{"url":"value","valueString":"true"}],"url":"http://hl7.org/fhir/tools/StructureDefinition/ig-parameter"},{"extension":[{"url":"code","valueString":"apply-jurisdiction"},{"url":"value","valueString":"true"}],"url":"http://hl7.org/fhir/tools/StructureDefinition/ig-parameter"},{"extension":[{"url":"code","valueString":"apply-license"},{"url":"value","valueString":"true"}],"url":"http://hl7.org/fhir/tools/StructureDefinition/ig-parameter"},{"extension":[{"url":"code","valueString":"apply-publisher"},{"url":"value","valueString":"true"}],"url":"http://hl7.org/fhir/tools/StructureDefinition/ig-parameter"},{"extension":[{"url":"code","valueString":"apply-version"},{"url":"value","valueString":"true"}],"url":"http://hl7.org/fhir/tools/StructureDefinition/ig-parameter"},{"extension":[{"url":"code","valueString":"active-tables"},{"url":"value","valueString":"true"}],"url":"http://hl7.org/fhir/tools/StructureDefinition/ig-parameter"},{"extension":[{"url":"code","valueString":"fmm-definition"},{"url":"value","valueString":"http://hl7.org/fhir/versions.html#maturity"}],"url":"http://hl7.org/fhir/tools/StructureDefinition/ig-parameter"},{"extension":[{"url":"code","valueString":"propagate-status"},{"url":"value","valueString":"true"}],"url":"http://hl7.org/fhir/tools/StructureDefinition/ig-parameter"},{"extension":[{"url":"code","valueString":"excludelogbinaryformat"},{"url":"value","valueString":"true"}],"url":"http://hl7.org/fhir/tools/StructureDefinition/ig-parameter"},{"extension":[{"url":"code","valueString":"tabbed-snapshots"},{"url":"value","valueString":"true"}],"url":"http://hl7.org/fhir/tools/StructureDefinition/ig-parameter"},{"extension":[{"url":"code","valueString":"copyrightyear"},{"url":"value","valueString":"2019+"}],"url":"http://hl7.org/fhir/tools/StructureDefinition/ig-parameter"},{"extension":[{"url":"code","valueString":"releaselabel"},{"url":"value","valueString":"CI Build"}],"url":"http://hl7.org/fhir/tools/StructureDefinition/ig-parameter"},{"extension":[{"url":"code","valueString":"path-binary"},{"url":"value","valueString":"input\\cql"}],"url":"http://hl7.org/fhir/tools/StructureDefinition/ig-parameter"},{"extension":[{"url":"code","valueString":"path-liquid"},{"url":"value","valueString":"templates\\liquid"}],"url":"http://hl7.org/fhir/tools/StructureDefinition/ig-parameter"},{"extension":[{"url":"code","valueString":"autoload-resources"},{"url":"value","valueString":"true"}],"url":"http://hl7.org/fhir/tools/StructureDefinition/ig-parameter"},{"extension":[{"url":"code","valueString":"path-liquid"},{"url":"value","valueString":"template/liquid"}],"url":"http://hl7.org/fhir/tools/StructureDefinition/ig-parameter"},{"extension":[{"url":"code","valueString":"path-liquid"},{"url":"value","valueString":"input/liquid"}],"url":"http://hl7.org/fhir/tools/StructureDefinition/ig-parameter"},{"extension":[{"url":"code","valueString":"path-qa"},{"url":"value","valueString":"temp/qa"}],"url":"http://hl7.org/fhir/tools/StructureDefinition/ig-parameter"},{"extension":[{"url":"code","valueString":"path-temp"},{"url":"value","valueString":"temp/pages"}],"url":"http://hl7.org/fhir/tools/StructureDefinition/ig-parameter"},{"extension":[{"url":"code","valueString":"path-output"},{"url":"value","valueString":"output"}],"url":"http://hl7.org/fhir/tools/StructureDefinition/ig-parameter"},{"extension":[{"url":"code","valueString":"path-suppressed-warnings"},{"url":"value","valueString":"input/ignoreWarnings.txt"}],"url":"http://hl7.org/fhir/tools/StructureDefinition/ig-parameter"},{"extension":[{"url":"code","valueString":"path-history"},{"url":"value","valueString":"http://openhie.org/fhir/hiv-program-monitoring/history.html"}],"url":"http://hl7.org/fhir/tools/StructureDefinition/ig-parameter"},{"extension":[{"url":"code","valueString":"template-html"},{"url":"value","valueString":"template-page.html"}],"url":"http://hl7.org/fhir/tools/StructureDefinition/ig-parameter"},{"extension":[{"url":"code","valueString":"template-md"},{"url":"value","valueString":"template-page-md.html"}],"url":"http://hl7.org/fhir/tools/StructureDefinition/ig-parameter"},{"extension":[{"url":"code","valueString":"apply-contact"},{"url":"value","valueString":"true"}],"url":"http://hl7.org/fhir/tools/StructureDefinition/ig-parameter"},{"extension":[{"url":"code","valueString":"apply-context"},{"url":"value","valueString":"true"}],"url":"http://hl7.org/fhir/tools/StructureDefinition/ig-parameter"},{"extension":[{"url":"code","valueString":"apply-copyright"},{"url":"value","valueString":"true"}],"url":"http://hl7.org/fhir/tools/StructureDefinition/ig-parameter"},{"extension":[{"url":"code","valueString":"apply-jurisdiction"},{"url":"value","valueString":"true"}],"url":"http://hl7.org/fhir/tools/StructureDefinition/ig-parameter"},{"extension":[{"url":"code","valueString":"apply-license"},{"url":"value","valueString":"true"}],"url":"http://hl7.org/fhir/tools/StructureDefinition/ig-parameter"},{"extension":[{"url":"code","valueString":"apply-publisher"},{"url":"value","valueString":"true"}],"url":"http://hl7.org/fhir/tools/StructureDefinition/ig-parameter"},{"extension":[{"url":"code","valueString":"apply-version"},{"url":"value","valueString":"true"}],"url":"http://hl7.org/fhir/tools/StructureDefinition/ig-parameter"},{"extension":[{"url":"code","valueString":"active-tables"},{"url":"value","valueString":"true"}],"url":"http://hl7.org/fhir/tools/StructureDefinition/ig-parameter"},{"extension":[{"url":"code","valueString":"fmm-definition"},{"url":"value","valueString":"http://hl7.org/fhir/versions.html#maturity"}],"url":"http://hl7.org/fhir/tools/StructureDefinition/ig-parameter"},{"extension":[{"url":"code","valueString":"propagate-status"},{"url":"value","valueString":"true"}],"url":"http://hl7.org/fhir/tools/StructureDefinition/ig-parameter"},{"extension":[{"url":"code","valueString":"excludelogbinaryformat"},{"url":"value","valueString":"true"}],"url":"http://hl7.org/fhir/tools/StructureDefinition/ig-parameter"},{"extension":[{"url":"code","valueString":"tabbed-snapshots"},{"url":"value","valueString":"true"}],"url":"http://hl7.org/fhir/tools/StructureDefinition/ig-parameter"},{"extension":[{"url":"code","valueString":"copyrightyear"},{"url":"value","valueString":"2019+"}],"url":"http://hl7.org/fhir/tools/StructureDefinition/ig-parameter"},{"extension":[{"url":"code","valueString":"releaselabel"},{"url":"value","valueString":"CI Build"}],"url":"http://hl7.org/fhir/tools/StructureDefinition/ig-parameter"},{"extension":[{"url":"code","valueString":"path-binary"},{"url":"value","valueString":"input\\cql"}],"url":"http://hl7.org/fhir/tools/StructureDefinition/ig-parameter"},{"extension":[{"url":"code","valueString":"path-liquid"},{"url":"value","valueString":"templates\\liquid"}],"url":"http://hl7.org/fhir/tools/StructureDefinition/ig-parameter"},{"extension":[{"url":"code","valueString":"autoload-resources"},{"url":"value","valueString":"true"}],"url":"http://hl7.org/fhir/tools/StructureDefinition/ig-parameter"},{"extension":[{"url":"code","valueString":"path-liquid"},{"url":"value","valueString":"template/liquid"}],"url":"http://hl7.org/fhir/tools/StructureDefinition/ig-parameter"},{"extension":[{"url":"code","valueString":"path-liquid"},{"url":"value","valueString":"input/liquid"}],"url":"http://hl7.org/fhir/tools/StructureDefinition/ig-parameter"},{"extension":[{"url":"code","valueString":"path-qa"},{"url":"value","valueString":"temp/qa"}],"url":"http://hl7.org/fhir/tools/StructureDefinition/ig-parameter"},{"extension":[{"url":"code","valueString":"path-temp"},{"url":"value","valueString":"temp/pages"}],"url":"http://hl7.org/fhir/tools/StructureDefinition/ig-parameter"},{"extension":[{"url":"code","valueString":"path-output"},{"url":"value","valueString":"output"}],"url":"http://hl7.org/fhir/tools/StructureDefinition/ig-parameter"},{"extension":[{"url":"code","valueString":"path-suppressed-warnings"},{"url":"value","valueString":"input/ignoreWarnings.txt"}],"url":"http://hl7.org/fhir/tools/StructureDefinition/ig-parameter"},{"extension":[{"url":"code","valueString":"path-history"},{"url":"value","valueString":"http://openhie.org/fhir/hiv-program-monitoring/history.html"}],"url":"http://hl7.org/fhir/tools/StructureDefinition/ig-parameter"},{"extension":[{"url":"code","valueString":"template-html"},{"url":"value","valueString":"template-page.html"}],"url":"http://hl7.org/fhir/tools/StructureDefinition/ig-parameter"},{"extension":[{"url":"code","valueString":"template-md"},{"url":"value","valueString":"template-page-md.html"}],"url":"http://hl7.org/fhir/tools/StructureDefinition/ig-parameter"},{"extension":[{"url":"code","valueString":"apply-contact"},{"url":"value","valueString":"true"}],"url":"http://hl7.org/fhir/tools/StructureDefinition/ig-parameter"},{"extension":[{"url":"code","valueString":"apply-context"},{"url":"value","valueString":"true"}],"url":"http://hl7.org/fhir/tools/StructureDefinition/ig-parameter"},{"extension":[{"url":"code","valueString":"apply-copyright"},{"url":"value","valueString":"true"}],"url":"http://hl7.org/fhir/tools/StructureDefinition/ig-parameter"},{"extension":[{"url":"code","valueString":"apply-jurisdiction"},{"url":"value","valueString":"true"}],"url":"http://hl7.org/fhir/tools/StructureDefinition/ig-parameter"},{"extension":[{"url":"code","valueString":"apply-license"},{"url":"value","valueString":"true"}],"url":"http://hl7.org/fhir/tools/StructureDefinition/ig-parameter"},{"extension":[{"url":"code","valueString":"apply-publisher"},{"url":"value","valueString":"true"}],"url":"http://hl7.org/fhir/tools/StructureDefinition/ig-parameter"},{"extension":[{"url":"code","valueString":"apply-version"},{"url":"value","valueString":"true"}],"url":"http://hl7.org/fhir/tools/StructureDefinition/ig-parameter"},{"extension":[{"url":"code","valueString":"active-tables"},{"url":"value","valueString":"true"}],"url":"http://hl7.org/fhir/tools/StructureDefinition/ig-parameter"},{"extension":[{"url":"code","valueString":"fmm-definition"},{"url":"value","valueString":"http://hl7.org/fhir/versions.html#maturity"}],"url":"http://hl7.org/fhir/tools/StructureDefinition/ig-parameter"},{"extension":[{"url":"code","valueString":"propagate-status"},{"url":"value","valueString":"true"}],"url":"http://hl7.org/fhir/tools/StructureDefinition/ig-parameter"},{"extension":[{"url":"code","valueString":"excludelogbinaryformat"},{"url":"value","valueString":"true"}],"url":"http://hl7.org/fhir/tools/StructureDefinition/ig-parameter"},{"extension":[{"url":"code","valueString":"tabbed-snapshots"},{"url":"value","valueString":"true"}],"url":"http://hl7.org/fhir/tools/StructureDefinition/ig-parameter"}],"grouping":[{"id":"-str-profile","name":"Structures: Resource Profiles","description":"These define constraints on FHIR resources for systems conforming to this implementation guide."},{"id":"-str-extension","name":"Structures: Extension Definitions","description":"These define constraints on FHIR data types for systems conforming to this implementation guide."},{"id":"-term-valueset","name":"Terminology: Value Sets","description":"These define sets of codes used by systems conforming to this implementation guide."},{"id":"-ex-example","name":"Example: Example Instances","description":"These are example instances that show what data produced and consumed by systems conforming with this implementation guide might look like."}],"resource":[{"extension":[{"url":"http://hl7.org/fhir/StructureDefinition/implementationguide-page","valueUri":"Organization-HIVOrganizationPatientTransferredToExample.html"}],"reference":{"reference":"Organization/HIVOrganizationPatientTransferredToExample"},"name":"Example Organization - HIVOrganizationPatientTransferredToExample","exampleCanonical":"http://openhie.org/fhir/hiv-program-monitoring/StructureDefinition/hiv-organization-patient-transferred-to","groupingId":"-ex-example"},{"extension":[{"url":"http://hl7.org/fhir/StructureDefinition/implementationguide-page","valueUri":"StructureDefinition-hiv-arv-treatment.html"}],"reference":{"reference":"StructureDefinition/hiv-arv-treatment"},"name":"ARV Treatment","description":"This profile is to record prescribed ARV regimen against a given therapeutic line.","groupingId":"-str-profile"},{"extension":[{"url":"http://hl7.org/fhir/StructureDefinition/implementationguide-page","valueUri":"Location-HIVServiceRequestLocationExample.html"}],"reference":{"reference":"Location/HIVServiceRequestLocationExample"},"name":"Example Location - HIVServiceRequestLocationExample","exampleCanonical":"http://openhie.org/fhir/hiv-program-monitoring/StructureDefinition/hiv-service-request-location","groupingId":"-ex-example"},{"extension":[{"url":"http://hl7.org/fhir/StructureDefinition/implementationguide-page","valueUri":"StructureDefinition-hiv-organization.html"}],"reference":{"reference":"StructureDefinition/hiv-organization"},"name":"HIV Organization","description":"Organization providing HIV Testing Services.","groupingId":"-str-profile"},{"extension":[{"url":"http://hl7.org/fhir/StructureDefinition/implementationguide-page","valueUri":"Bundle-LabCancellation.html"}],"reference":{"reference":"Bundle/LabCancellation"},"name":"Example Bundle - LabCancellation","exampleCanonical":"http://openhie.org/fhir/hiv-program-monitoring/StructureDefinition/hiv-lab-task","groupingId":"-ex-example"},{"extension":[{"url":"http://hl7.org/fhir/StructureDefinition/implementationguide-page","valueUri":"StructureDefinition-death.html"}],"reference":{"reference":"StructureDefinition/death"},"name":"Patient Death","description":"This profile captures the death outcome for a patient.","groupingId":"-str-profile"},{"extension":[{"url":"http://hl7.org/fhir/StructureDefinition/implementationguide-page","valueUri":"Task-HIVLabOrderCancellationTaskExample.html"}],"reference":{"reference":"Task/HIVLabOrderCancellationTaskExample"},"name":"Example Task - HIVLabOrderCancellationTaskExample","exampleCanonical":"http://openhie.org/fhir/hiv-program-monitoring/StructureDefinition/hiv-lab-task","groupingId":"-ex-example"},{"extension":[{"url":"http://hl7.org/fhir/StructureDefinition/implementationguide-page","valueUri":"ValueSet-vs-reason-sample-cancelled-or-rejected.html"}],"reference":{"reference":"ValueSet/vs-reason-sample-cancelled-or-rejected"},"name":"Reasons why a lab order was cancelled or rejected","description":"Reasons why a lab order was cancelled or rejected.","groupingId":"-term-valueset"},{"extension":[{"url":"http://hl7.org/fhir/StructureDefinition/implementationguide-page","valueUri":"StructureDefinition-art-regimen-line.html"}],"reference":{"reference":"StructureDefinition/art-regimen-line"},"name":"ART Regimen Line","description":"Therapeutic lines that are used to classify the patient's currently prescribed ARV regimen.","groupingId":"-str-extension"},{"extension":[{"url":"http://hl7.org/fhir/StructureDefinition/implementationguide-page","valueUri":"StructureDefinition-hiv-lab-task.html"}],"reference":{"reference":"StructureDefinition/hiv-lab-task"},"name":"Lab Task","description":"Assists with tracking the state of the lab order and its completion status.","groupingId":"-str-profile"},{"extension":[{"url":"http://hl7.org/fhir/StructureDefinition/implementationguide-page","valueUri":"Observation-DateHIVTestDoneExample.html"}],"reference":{"reference":"Observation/DateHIVTestDoneExample"},"name":"Example Observation - DateHIVTestDoneExample","exampleCanonical":"http://openhie.org/fhir/hiv-program-monitoring/StructureDefinition/date-hiv-test-done","groupingId":"-ex-example"},{"extension":[{"url":"http://hl7.org/fhir/StructureDefinition/implementationguide-page","valueUri":"ValueSet-vs-hiv-test-done.html"}],"reference":{"reference":"ValueSet/vs-hiv-test-done"},"name":"HIV Test Done","description":"Used by the observation to indicate that a HIV test was performed.","groupingId":"-term-valueset"},{"extension":[{"url":"http://hl7.org/fhir/StructureDefinition/implementationguide-page","valueUri":"StructureDefinition-target-facility-encounter.html"}],"reference":{"reference":"StructureDefinition/target-facility-encounter"},"name":"Target Facility Encounter","description":"This profile represents the current facility at which the patient is receiving treatment.","groupingId":"-str-profile"},{"extension":[{"url":"http://hl7.org/fhir/StructureDefinition/implementationguide-page","valueUri":"Patient-HIVPatientExample.html"}],"reference":{"reference":"Patient/HIVPatientExample"},"name":"Example Patient - HIVPatientExample","exampleCanonical":"http://openhie.org/fhir/hiv-program-monitoring/StructureDefinition/hiv-patient","groupingId":"-ex-example"},{"extension":[{"url":"http://hl7.org/fhir/StructureDefinition/implementationguide-page","valueUri":"StructureDefinition-hiv-diagnostic-report.html"}],"reference":{"reference":"StructureDefinition/hiv-diagnostic-report"},"name":"Diagnostic Report","description":"A report as a result of the lab task being completed.","groupingId":"-str-profile"},{"extension":[{"url":"http://hl7.org/fhir/StructureDefinition/implementationguide-page","valueUri":"ValueSet-vs-patient-enrollment-type.html"}],"reference":{"reference":"ValueSet/vs-patient-enrollment-type"},"name":"Patient Type at Enrolment","description":"A list of Patient Types at Enrolment","groupingId":"-term-valueset"},{"extension":[{"url":"http://hl7.org/fhir/StructureDefinition/implementationguide-page","valueUri":"ValueSet-vs-vl-suppression.html"}],"reference":{"reference":"ValueSet/vs-vl-suppression"},"name":"Viral Load Suppressions Status","description":"Describes a patient's current viral load status.","groupingId":"-term-valueset"},{"extension":[{"url":"http://hl7.org/fhir/StructureDefinition/implementationguide-page","valueUri":"StructureDefinition-date-hiv-test-done.html"}],"reference":{"reference":"StructureDefinition/date-hiv-test-done"},"name":"Date HIV Test Done","description":"This profile is to record the date when HIV test was done for a patient.","groupingId":"-str-profile"},{"extension":[{"url":"http://hl7.org/fhir/StructureDefinition/implementationguide-page","valueUri":"ValueSet-vs-arv-regimen.html"}],"reference":{"reference":"ValueSet/vs-arv-regimen"},"name":"A list of ARV regimen","description":"A list of ARV regimen.","groupingId":"-term-valueset"},{"extension":[{"url":"http://hl7.org/fhir/StructureDefinition/implementationguide-page","valueUri":"Bundle-EMR.html"}],"reference":{"reference":"Bundle/EMR"},"name":"Example Bundle - EMR","exampleCanonical":"http://openhie.org/fhir/hiv-program-monitoring/StructureDefinition/hiv-practitioner","groupingId":"-ex-example"},{"extension":[{"url":"http://hl7.org/fhir/StructureDefinition/implementationguide-page","valueUri":"StructureDefinition-hiv-patient.html"}],"reference":{"reference":"StructureDefinition/hiv-patient"},"name":"Patient","description":"A patient resource for an HIV Patient.","groupingId":"-str-profile"},{"extension":[{"url":"http://hl7.org/fhir/StructureDefinition/implementationguide-page","valueUri":"Bundle-LabOrder.html"}],"reference":{"reference":"Bundle/LabOrder"},"name":"Example Bundle - LabOrder","exampleCanonical":"http://openhie.org/fhir/hiv-program-monitoring/StructureDefinition/hiv-practitioner","groupingId":"-ex-example"},{"extension":[{"url":"http://hl7.org/fhir/StructureDefinition/implementationguide-page","valueUri":"StructureDefinition-transferring-facility-encounter.html"}],"reference":{"reference":"StructureDefinition/transferring-facility-encounter"},"name":"Transferring Facility Encounter","description":"This profile represents the facility the patient is being transferred from.","groupingId":"-str-profile"},{"extension":[{"url":"http://hl7.org/fhir/StructureDefinition/implementationguide-page","valueUri":"StructureDefinition-hiv-service-request-location.html"}],"reference":{"reference":"StructureDefinition/hiv-service-request-location"},"name":"Lab Order Request Location","description":"What is the location of the organization responsible for conducting the examination of the individual's sample?","groupingId":"-str-profile"},{"extension":[{"url":"http://hl7.org/fhir/StructureDefinition/implementationguide-page","valueUri":"StructureDefinition-hiv-episode-of-care.html"}],"reference":{"reference":"StructureDefinition/hiv-episode-of-care"},"name":"Patient Enrollment Type","description":"This profile is used to record the enrolment type at the time of the encounter.","groupingId":"-str-profile"},{"extension":[{"url":"http://hl7.org/fhir/StructureDefinition/implementationguide-page","valueUri":"Task-HIVLabResultTaskExample.html"}],"reference":{"reference":"Task/HIVLabResultTaskExample"},"name":"Example Task - HIVLabResultTaskExample","exampleCanonical":"http://openhie.org/fhir/hiv-program-monitoring/StructureDefinition/hiv-lab-task","groupingId":"-ex-example"},{"extension":[{"url":"http://hl7.org/fhir/StructureDefinition/implementationguide-page","valueUri":"StructureDefinition-viral-load-specimen.html"}],"reference":{"reference":"StructureDefinition/viral-load-specimen"},"name":"Viral Load Specimen","description":"The test sample that was collected for the initiated lab order.","groupingId":"-str-profile"},{"extension":[{"url":"http://hl7.org/fhir/StructureDefinition/implementationguide-page","valueUri":"StructureDefinition-hiv-organization-patient-transferred-to.html"}],"reference":{"reference":"StructureDefinition/hiv-organization-patient-transferred-to"},"name":"HIV Organization Patient Is Transferred To","description":"Organization who is receiving the patient as being transferred in.","groupingId":"-str-profile"},{"extension":[{"url":"http://hl7.org/fhir/StructureDefinition/implementationguide-page","valueUri":"Observation-HIVTestResultExample.html"}],"reference":{"reference":"Observation/HIVTestResultExample"},"name":"Example Observation - HIVTestResultExample","exampleCanonical":"http://openhie.org/fhir/hiv-program-monitoring/StructureDefinition/hiv-test-results","groupingId":"-ex-example"},{"extension":[{"url":"http://hl7.org/fhir/StructureDefinition/implementationguide-page","valueUri":"Task-HIVLabOrderRejectionTaskExample.html"}],"reference":{"reference":"Task/HIVLabOrderRejectionTaskExample"},"name":"Example Task - HIVLabOrderRejectionTaskExample","exampleCanonical":"http://openhie.org/fhir/hiv-program-monitoring/StructureDefinition/hiv-lab-task","groupingId":"-ex-example"},{"extension":[{"url":"http://hl7.org/fhir/StructureDefinition/implementationguide-page","valueUri":"ValueSet-vs-careplan-outcome.html"}],"reference":{"reference":"ValueSet/vs-careplan-outcome"},"name":"ARV treatment outcomes","description":"A list of possible ARV treatment outcomes.","groupingId":"-term-valueset"},{"extension":[{"url":"http://hl7.org/fhir/StructureDefinition/implementationguide-page","valueUri":"ValueSet-vs-reason-for-assessment-or-test-not-performed.html"}],"reference":{"reference":"ValueSet/vs-reason-for-assessment-or-test-not-performed"},"name":"Reason for Assessment or Test Not Performed","description":"A list of reasons associated with the service request for the lab order.","groupingId":"-term-valueset"},{"extension":[{"url":"http://hl7.org/fhir/StructureDefinition/implementationguide-page","valueUri":"StructureDefinition-hiv-test-results.html"}],"reference":{"reference":"StructureDefinition/hiv-test-results"},"name":"Lab Results","description":"The result of the lab test which determines whether the patient is infected with HIV or not.","groupingId":"-str-profile"},{"extension":[{"url":"http://hl7.org/fhir/StructureDefinition/implementationguide-page","valueUri":"Specimen-VLSpecimenExample.html"}],"reference":{"reference":"Specimen/VLSpecimenExample"},"name":"Example Specimen - VLSpecimenExample","exampleCanonical":"http://openhie.org/fhir/hiv-program-monitoring/StructureDefinition/viral-load-specimen","groupingId":"-ex-example"},{"extension":[{"url":"http://hl7.org/fhir/StructureDefinition/implementationguide-page","valueUri":"DiagnosticReport-HIVLabResultsDiagnosticReportExample.html"}],"reference":{"reference":"DiagnosticReport/HIVLabResultsDiagnosticReportExample"},"name":"Example DiagnosticReport - HIVLabResultsDiagnosticReportExample","exampleCanonical":"http://openhie.org/fhir/hiv-program-monitoring/StructureDefinition/hiv-diagnostic-report","groupingId":"-ex-example"},{"extension":[{"url":"http://hl7.org/fhir/StructureDefinition/implementationguide-page","valueUri":"ValueSet-vs-condition.html"}],"reference":{"reference":"ValueSet/vs-condition"},"name":"Conditions","description":"A list of possible HIV conditions.","groupingId":"-term-valueset"},{"extension":[{"url":"http://hl7.org/fhir/StructureDefinition/implementationguide-page","valueUri":"StructureDefinition-hiv-practitioner.html"}],"reference":{"reference":"StructureDefinition/hiv-practitioner"},"name":"Practitioner","description":"The healthcare professional who has been assigned to a given lab task.","groupingId":"-str-profile"},{"extension":[{"url":"http://hl7.org/fhir/StructureDefinition/implementationguide-page","valueUri":"Condition-HIVDiagnosisExample.html"}],"reference":{"reference":"Condition/HIVDiagnosisExample"},"name":"Example Condition - HIVDiagnosisExample","exampleCanonical":"http://openhie.org/fhir/hiv-program-monitoring/StructureDefinition/hiv-diagnosis","groupingId":"-ex-example"},{"extension":[{"url":"http://hl7.org/fhir/StructureDefinition/implementationguide-page","valueUri":"Bundle-LabResult.html"}],"reference":{"reference":"Bundle/LabResult"},"name":"Example Bundle - LabResult","exampleCanonical":"http://openhie.org/fhir/hiv-program-monitoring/StructureDefinition/hiv-practitioner","groupingId":"-ex-example"},{"extension":[{"url":"http://hl7.org/fhir/StructureDefinition/implementationguide-page","valueUri":"Observation-DeathExample.html"}],"reference":{"reference":"Observation/DeathExample"},"name":"Example Observation - DeathExample","exampleCanonical":"http://openhie.org/fhir/hiv-program-monitoring/StructureDefinition/death","groupingId":"-ex-example"},{"extension":[{"url":"http://hl7.org/fhir/StructureDefinition/implementationguide-page","valueUri":"StructureDefinition-hiv-diagnosis.html"}],"reference":{"reference":"StructureDefinition/hiv-diagnosis"},"name":"Diagnosis","description":"This profile represents the confirmation of HIV diagnosis.","groupingId":"-str-profile"},{"extension":[{"url":"http://hl7.org/fhir/StructureDefinition/implementationguide-page","valueUri":"CarePlan-ARVTreatmentRefusedExample.html"}],"reference":{"reference":"CarePlan/ARVTreatmentRefusedExample"},"name":"Example CarePlan - ARVTreatmentRefusedExample","exampleCanonical":"http://openhie.org/fhir/hiv-program-monitoring/StructureDefinition/hiv-arv-treatment","groupingId":"-ex-example"},{"extension":[{"url":"http://hl7.org/fhir/StructureDefinition/implementationguide-page","valueUri":"StructureDefinition-hiv-care-next-visit.html"}],"reference":{"reference":"StructureDefinition/hiv-care-next-visit"},"name":"Next Appointment Date","description":"A date representing the patient's next scheduled appointment","groupingId":"-str-extension"},{"extension":[{"url":"http://hl7.org/fhir/StructureDefinition/implementationguide-page","valueUri":"Bundle-LabRejection.html"}],"reference":{"reference":"Bundle/LabRejection"},"name":"Example Bundle - LabRejection","exampleCanonical":"http://openhie.org/fhir/hiv-program-monitoring/StructureDefinition/hiv-lab-task","groupingId":"-ex-example"},{"extension":[{"url":"http://hl7.org/fhir/StructureDefinition/implementationguide-page","valueUri":"ValueSet-vs-hiv-death.html"}],"reference":{"reference":"ValueSet/vs-hiv-death"},"name":"Death","description":"A list of possible HIV deaths","groupingId":"-term-valueset"},{"extension":[{"url":"http://hl7.org/fhir/StructureDefinition/implementationguide-page","valueUri":"ValueSet-vs-test-types.html"}],"reference":{"reference":"ValueSet/vs-test-types"},"name":"Test Types","description":"A list of HIV test types","groupingId":"-term-valueset"},{"extension":[{"url":"http://hl7.org/fhir/StructureDefinition/implementationguide-page","valueUri":"Organization-HIVOrganizationExample.html"}],"reference":{"reference":"Organization/HIVOrganizationExample"},"name":"Example Organization - HIVOrganizationExample","exampleCanonical":"http://openhie.org/fhir/hiv-program-monitoring/StructureDefinition/hiv-organization","groupingId":"-ex-example"},{"extension":[{"url":"http://hl7.org/fhir/StructureDefinition/implementationguide-page","valueUri":"ValueSet-vs-artregimen-lines.html"}],"reference":{"reference":"ValueSet/vs-artregimen-lines"},"name":"ART Regimen Lines","description":"A list of ART regimen therapeutic lines.","groupingId":"-term-valueset"},{"extension":[{"url":"http://hl7.org/fhir/StructureDefinition/implementationguide-page","valueUri":"Task-HIVLabOrderTaskExample.html"}],"reference":{"reference":"Task/HIVLabOrderTaskExample"},"name":"Example Task - HIVLabOrderTaskExample","exampleCanonical":"http://openhie.org/fhir/hiv-program-monitoring/StructureDefinition/hiv-lab-task","groupingId":"-ex-example"},{"extension":[{"url":"http://hl7.org/fhir/StructureDefinition/implementationguide-page","valueUri":"CarePlan-ARVTreatmentContactedExample.html"}],"reference":{"reference":"CarePlan/ARVTreatmentContactedExample"},"name":"Example CarePlan - ARVTreatmentContactedExample","exampleCanonical":"http://openhie.org/fhir/hiv-program-monitoring/StructureDefinition/hiv-arv-treatment","groupingId":"-ex-example"},{"extension":[{"url":"http://hl7.org/fhir/StructureDefinition/implementationguide-page","valueUri":"ServiceRequest-TransferredOutServiceRequestExample.html"}],"reference":{"reference":"ServiceRequest/TransferredOutServiceRequestExample"},"name":"Example ServiceRequest - TransferredOutServiceRequestExample","exampleCanonical":"http://openhie.org/fhir/hiv-program-monitoring/StructureDefinition/transferred-out","groupingId":"-ex-example"},{"extension":[{"url":"http://hl7.org/fhir/StructureDefinition/implementationguide-page","valueUri":"StructureDefinition-transferred-out.html"}],"reference":{"reference":"StructureDefinition/transferred-out"},"name":"Transferred Out Service Request","description":"A service request that initiates the need for a patient to be transferred to another organization.","groupingId":"-str-profile"},{"extension":[{"url":"http://hl7.org/fhir/StructureDefinition/implementationguide-page","valueUri":"Encounter-TargetFacilityEncounterExample.html"}],"reference":{"reference":"Encounter/TargetFacilityEncounterExample"},"name":"Example Encounter - TargetFacilityEncounterExample","exampleCanonical":"http://openhie.org/fhir/hiv-program-monitoring/StructureDefinition/target-facility-encounter","groupingId":"-ex-example"},{"extension":[{"url":"http://hl7.org/fhir/StructureDefinition/implementationguide-page","valueUri":"ValueSet-vs-specimen-type.html"}],"reference":{"reference":"ValueSet/vs-specimen-type"},"name":"Specimen Type Used In Viral Load testing","description":"A list of specimen types.","groupingId":"-term-valueset"},{"extension":[{"url":"http://hl7.org/fhir/StructureDefinition/implementationguide-page","valueUri":"CarePlan-ARVTreatmentExample.html"}],"reference":{"reference":"CarePlan/ARVTreatmentExample"},"name":"Example CarePlan - ARVTreatmentExample","exampleCanonical":"http://openhie.org/fhir/hiv-program-monitoring/StructureDefinition/hiv-arv-treatment","groupingId":"-ex-example"},{"extension":[{"url":"http://hl7.org/fhir/StructureDefinition/implementationguide-page","valueUri":"EpisodeOfCare-HIVEpisodeOfCareExample.html"}],"reference":{"reference":"EpisodeOfCare/HIVEpisodeOfCareExample"},"name":"Example EpisodeOfCare - HIVEpisodeOfCareExample","exampleCanonical":"http://openhie.org/fhir/hiv-program-monitoring/StructureDefinition/hiv-episode-of-care","groupingId":"-ex-example"},{"extension":[{"url":"http://hl7.org/fhir/StructureDefinition/implementationguide-page","valueUri":"ServiceRequest-HIVServiceRequestExample.html"}],"reference":{"reference":"ServiceRequest/HIVServiceRequestExample"},"name":"Example ServiceRequest - HIVServiceRequestExample","exampleCanonical":"http://openhie.org/fhir/hiv-program-monitoring/StructureDefinition/HIV-lab-order","groupingId":"-ex-example"},{"extension":[{"url":"http://hl7.org/fhir/StructureDefinition/implementationguide-page","valueUri":"ValueSet-vs-vl-result-code.html"}],"reference":{"reference":"ValueSet/vs-vl-result-code"},"name":"Viral Load Result Code","description":"A code used to indicate the category for the lab result.","groupingId":"-term-valueset"},{"extension":[{"url":"http://hl7.org/fhir/StructureDefinition/implementationguide-page","valueUri":"Practitioner-PractitionerExample.html"}],"reference":{"reference":"Practitioner/PractitionerExample"},"name":"Example Practitioner - PractitionerExample","exampleCanonical":"http://openhie.org/fhir/hiv-program-monitoring/StructureDefinition/hiv-practitioner","groupingId":"-ex-example"},{"extension":[{"url":"http://hl7.org/fhir/StructureDefinition/implementationguide-page","valueUri":"ValueSet-vs-arvtreatment-activity-type.html"}],"reference":{"reference":"ValueSet/vs-arvtreatment-activity-type"},"name":"ARV Treatment Medication Request","description":"Codes used to represent a medication request for ART.","groupingId":"-term-valueset"},{"extension":[{"url":"http://hl7.org/fhir/StructureDefinition/implementationguide-page","valueUri":"StructureDefinition-HIV-lab-order.html"}],"reference":{"reference":"StructureDefinition/HIV-lab-order"},"name":"Lab Order","description":"A service request that initiates the need for the lab to collect the test sample.","groupingId":"-str-profile"},{"extension":[{"url":"http://hl7.org/fhir/StructureDefinition/implementationguide-page","valueUri":"ValueSet-vs-transferred-out.html"}],"reference":{"reference":"ValueSet/vs-transferred-out"},"name":"Transferred out","description":"Transferred out codes","groupingId":"-term-valueset"},{"extension":[{"url":"http://hl7.org/fhir/StructureDefinition/implementationguide-page","valueUri":"Encounter-TransferringFacilityEncounterExample.html"}],"reference":{"reference":"Encounter/TransferringFacilityEncounterExample"},"name":"Example Encounter - TransferringFacilityEncounterExample","exampleCanonical":"http://openhie.org/fhir/hiv-program-monitoring/StructureDefinition/transferring-facility-encounter","groupingId":"-ex-example"}],"page":{"extension":[{"url":"http://hl7.org/fhir/tools/StructureDefinition/ig-page-name","valueUrl":"toc.html"}],"nameUrl":"toc.html","title":"Table of Contents","generation":"html","page":[{"extension":[{"url":"http://hl7.org/fhir/tools/StructureDefinition/ig-page-name","valueUrl":"index.html"}],"nameUrl":"index.html","title":"HIV Program Monitoring and Patient Care Coordination","generation":"html"},{"extension":[{"url":"http://hl7.org/fhir/tools/StructureDefinition/ig-page-name","valueUrl":"bussiness-description.html"}],"nameUrl":"bussiness-description.html","title":"Business Description","generation":"html","page":[{"extension":[{"url":"http://hl7.org/fhir/tools/StructureDefinition/ig-page-name","valueUrl":"requirements.html"}],"nameUrl":"requirements.html","title":"Functional Requirements","generation":"html","page":[{"extension":[{"url":"http://hl7.org/fhir/tools/StructureDefinition/ig-page-name","valueUrl":"use-cases.html"}],"nameUrl":"use-cases.html","title":"Use Cases","generation":"html"}]},{"extension":[{"url":"http://hl7.org/fhir/tools/StructureDefinition/ig-page-name","valueUrl":"personas.html"}],"nameUrl":"personas.html","title":"Personas","generation":"html"},{"extension":[{"url":"http://hl7.org/fhir/tools/StructureDefinition/ig-page-name","valueUrl":"workflows.html"}],"nameUrl":"workflows.html","title":"Usage Workflows","generation":"html"}]},{"extension":[{"url":"http://hl7.org/fhir/tools/StructureDefinition/ig-page-name","valueUrl":"deployment.html"}],"nameUrl":"deployment.html","title":"Deployment & Use","generation":"html","page":[{"extension":[{"url":"http://hl7.org/fhir/tools/StructureDefinition/ig-page-name","valueUrl":"bundles.html"}],"nameUrl":"bundles.html","title":"Message Bundles","generation":"html","page":[{"extension":[{"url":"http://hl7.org/fhir/tools/StructureDefinition/ig-page-name","valueUrl":"emr-bundle.html"}],"nameUrl":"emr-bundle.html","title":"EMR Bundle","generation":"html"},{"extension":[{"url":"http://hl7.org/fhir/tools/StructureDefinition/ig-page-name","valueUrl":"lab-order-bundle.html"}],"nameUrl":"lab-order-bundle.html","title":"Lab Order Bundle","generation":"html"},{"extension":[{"url":"http://hl7.org/fhir/tools/StructureDefinition/ig-page-name","valueUrl":"lab-result-bundle.html"}],"nameUrl":"lab-result-bundle.html","title":"Lab Result Bundle","generation":"html"},{"extension":[{"url":"http://hl7.org/fhir/tools/StructureDefinition/ig-page-name","valueUrl":"lab-cancellation-bundle.html"}],"nameUrl":"lab-cancellation-bundle.html","title":"Lab Cancellation Bundle","generation":"html"},{"extension":[{"url":"http://hl7.org/fhir/tools/StructureDefinition/ig-page-name","valueUrl":"lab-rejection-bundle.html"}],"nameUrl":"lab-rejection-bundle.html","title":"Lab Rejection Bundle","generation":"html"}]},{"extension":[{"url":"http://hl7.org/fhir/tools/StructureDefinition/ig-page-name","valueUrl":"security-privacy.html"}],"nameUrl":"security-privacy.html","title":"Security & Privacy","generation":"html"},{"extension":[{"url":"http://hl7.org/fhir/tools/StructureDefinition/ig-page-name","valueUrl":"testing.html"}],"nameUrl":"testing.html","title":"Testing","generation":"html"}]},{"extension":[{"url":"http://hl7.org/fhir/tools/StructureDefinition/ig-page-name","valueUrl":"referenced-sources.html"}],"nameUrl":"referenced-sources.html","title":"References","generation":"html"},{"extension":[{"url":"http://hl7.org/fhir/tools/StructureDefinition/ig-page-name","valueUrl":"changes.html"}],"nameUrl":"changes.html","title":"IG Change History","generation":"html"},{"extension":[{"url":"http://hl7.org/fhir/tools/StructureDefinition/ig-page-name","valueUrl":"artifacts.html"}],"nameUrl":"artifacts.html","title":"Artifacts Summary","generation":"html","page":[{"extension":[{"url":"http://hl7.org/fhir/tools/StructureDefinition/ig-page-name","valueUrl":"StructureDefinition-hiv-arv-treatment.html"}],"nameUrl":"StructureDefinition-hiv-arv-treatment.html","title":"ARV Treatment","generation":"generated"},{"extension":[{"url":"http://hl7.org/fhir/tools/StructureDefinition/ig-page-name","valueUrl":"StructureDefinition-hiv-organization.html"}],"nameUrl":"StructureDefinition-hiv-organization.html","title":"HIV Organization","generation":"generated"},{"extension":[{"url":"http://hl7.org/fhir/tools/StructureDefinition/ig-page-name","valueUrl":"StructureDefinition-death.html"}],"nameUrl":"StructureDefinition-death.html","title":"Patient Death","generation":"generated"},{"extension":[{"url":"http://hl7.org/fhir/tools/StructureDefinition/ig-page-name","valueUrl":"StructureDefinition-hiv-lab-task.html"}],"nameUrl":"StructureDefinition-hiv-lab-task.html","title":"Lab Task","generation":"generated"},{"extension":[{"url":"http://hl7.org/fhir/tools/StructureDefinition/ig-page-name","valueUrl":"StructureDefinition-target-facility-encounter.html"}],"nameUrl":"StructureDefinition-target-facility-encounter.html","title":"Target Facility Encounter","generation":"generated"},{"extension":[{"url":"http://hl7.org/fhir/tools/StructureDefinition/ig-page-name","valueUrl":"StructureDefinition-hiv-diagnostic-report.html"}],"nameUrl":"StructureDefinition-hiv-diagnostic-report.html","title":"Diagnostic Report","generation":"generated"},{"extension":[{"url":"http://hl7.org/fhir/tools/StructureDefinition/ig-page-name","valueUrl":"StructureDefinition-date-hiv-test-done.html"}],"nameUrl":"StructureDefinition-date-hiv-test-done.html","title":"Date HIV Test Done","generation":"generated"},{"extension":[{"url":"http://hl7.org/fhir/tools/StructureDefinition/ig-page-name","valueUrl":"StructureDefinition-hiv-patient.html"}],"nameUrl":"StructureDefinition-hiv-patient.html","title":"Patient","generation":"generated"},{"extension":[{"url":"http://hl7.org/fhir/tools/StructureDefinition/ig-page-name","valueUrl":"StructureDefinition-transferring-facility-encounter.html"}],"nameUrl":"StructureDefinition-transferring-facility-encounter.html","title":"Transferring Facility Encounter","generation":"generated"},{"extension":[{"url":"http://hl7.org/fhir/tools/StructureDefinition/ig-page-name","valueUrl":"StructureDefinition-hiv-service-request-location.html"}],"nameUrl":"StructureDefinition-hiv-service-request-location.html","title":"Lab Order Request Location","generation":"generated"},{"extension":[{"url":"http://hl7.org/fhir/tools/StructureDefinition/ig-page-name","valueUrl":"StructureDefinition-hiv-episode-of-care.html"}],"nameUrl":"StructureDefinition-hiv-episode-of-care.html","title":"Patient Enrollment Type","generation":"generated"},{"extension":[{"url":"http://hl7.org/fhir/tools/StructureDefinition/ig-page-name","valueUrl":"StructureDefinition-viral-load-specimen.html"}],"nameUrl":"StructureDefinition-viral-load-specimen.html","title":"Viral Load Specimen","generation":"generated"},{"extension":[{"url":"http://hl7.org/fhir/tools/StructureDefinition/ig-page-name","valueUrl":"StructureDefinition-hiv-organization-patient-transferred-to.html"}],"nameUrl":"StructureDefinition-hiv-organization-patient-transferred-to.html","title":"HIV Organization Patient Is Transferred To","generation":"generated"},{"extension":[{"url":"http://hl7.org/fhir/tools/StructureDefinition/ig-page-name","valueUrl":"StructureDefinition-hiv-test-results.html"}],"nameUrl":"StructureDefinition-hiv-test-results.html","title":"Lab Results","generation":"generated"},{"extension":[{"url":"http://hl7.org/fhir/tools/StructureDefinition/ig-page-name","valueUrl":"StructureDefinition-hiv-practitioner.html"}],"nameUrl":"StructureDefinition-hiv-practitioner.html","title":"Practitioner","generation":"generated"},{"extension":[{"url":"http://hl7.org/fhir/tools/StructureDefinition/ig-page-name","valueUrl":"StructureDefinition-hiv-diagnosis.html"}],"nameUrl":"StructureDefinition-hiv-diagnosis.html","title":"Diagnosis","generation":"generated"},{"extension":[{"url":"http://hl7.org/fhir/tools/StructureDefinition/ig-page-name","valueUrl":"StructureDefinition-transferred-out.html"}],"nameUrl":"StructureDefinition-transferred-out.html","title":"Transferred Out Service Request","generation":"generated"},{"extension":[{"url":"http://hl7.org/fhir/tools/StructureDefinition/ig-page-name","valueUrl":"StructureDefinition-HIV-lab-order.html"}],"nameUrl":"StructureDefinition-HIV-lab-order.html","title":"Lab Order","generation":"generated"},{"extension":[{"url":"http://hl7.org/fhir/tools/StructureDefinition/ig-page-name","valueUrl":"StructureDefinition-art-regimen-line.html"}],"nameUrl":"StructureDefinition-art-regimen-line.html","title":"ART Regimen Line","generation":"generated"},{"extension":[{"url":"http://hl7.org/fhir/tools/StructureDefinition/ig-page-name","valueUrl":"StructureDefinition-hiv-care-next-visit.html"}],"nameUrl":"StructureDefinition-hiv-care-next-visit.html","title":"Next Appointment Date","generation":"generated"},{"extension":[{"url":"http://hl7.org/fhir/tools/StructureDefinition/ig-page-name","valueUrl":"ValueSet-vs-reason-sample-cancelled-or-rejected.html"}],"nameUrl":"ValueSet-vs-reason-sample-cancelled-or-rejected.html","title":"Reasons why a lab order was cancelled or rejected","generation":"generated"},{"extension":[{"url":"http://hl7.org/fhir/tools/StructureDefinition/ig-page-name","valueUrl":"ValueSet-vs-hiv-test-done.html"}],"nameUrl":"ValueSet-vs-hiv-test-done.html","title":"HIV Test Done","generation":"generated"},{"extension":[{"url":"http://hl7.org/fhir/tools/StructureDefinition/ig-page-name","valueUrl":"ValueSet-vs-patient-enrollment-type.html"}],"nameUrl":"ValueSet-vs-patient-enrollment-type.html","title":"Patient Type at Enrolment","generation":"generated"},{"extension":[{"url":"http://hl7.org/fhir/tools/StructureDefinition/ig-page-name","valueUrl":"ValueSet-vs-vl-suppression.html"}],"nameUrl":"ValueSet-vs-vl-suppression.html","title":"Viral Load Suppressions Status","generation":"generated"},{"extension":[{"url":"http://hl7.org/fhir/tools/StructureDefinition/ig-page-name","valueUrl":"ValueSet-vs-arv-regimen.html"}],"nameUrl":"ValueSet-vs-arv-regimen.html","title":"A list of ARV regimen","generation":"generated"},{"extension":[{"url":"http://hl7.org/fhir/tools/StructureDefinition/ig-page-name","valueUrl":"ValueSet-vs-careplan-outcome.html"}],"nameUrl":"ValueSet-vs-careplan-outcome.html","title":"ARV treatment outcomes","generation":"generated"},{"extension":[{"url":"http://hl7.org/fhir/tools/StructureDefinition/ig-page-name","valueUrl":"ValueSet-vs-reason-for-assessment-or-test-not-performed.html"}],"nameUrl":"ValueSet-vs-reason-for-assessment-or-test-not-performed.html","title":"Reason for Assessment or Test Not Performed","generation":"generated"},{"extension":[{"url":"http://hl7.org/fhir/tools/StructureDefinition/ig-page-name","valueUrl":"ValueSet-vs-condition.html"}],"nameUrl":"ValueSet-vs-condition.html","title":"Conditions","generation":"generated"},{"extension":[{"url":"http://hl7.org/fhir/tools/StructureDefinition/ig-page-name","valueUrl":"ValueSet-vs-hiv-death.html"}],"nameUrl":"ValueSet-vs-hiv-death.html","title":"Death","generation":"generated"},{"extension":[{"url":"http://hl7.org/fhir/tools/StructureDefinition/ig-page-name","valueUrl":"ValueSet-vs-test-types.html"}],"nameUrl":"ValueSet-vs-test-types.html","title":"Test Types","generation":"generated"},{"extension":[{"url":"http://hl7.org/fhir/tools/StructureDefinition/ig-page-name","valueUrl":"ValueSet-vs-artregimen-lines.html"}],"nameUrl":"ValueSet-vs-artregimen-lines.html","title":"ART Regimen Lines","generation":"generated"},{"extension":[{"url":"http://hl7.org/fhir/tools/StructureDefinition/ig-page-name","valueUrl":"ValueSet-vs-specimen-type.html"}],"nameUrl":"ValueSet-vs-specimen-type.html","title":"Specimen Type Used In Viral Load testing","generation":"generated"},{"extension":[{"url":"http://hl7.org/fhir/tools/StructureDefinition/ig-page-name","valueUrl":"ValueSet-vs-vl-result-code.html"}],"nameUrl":"ValueSet-vs-vl-result-code.html","title":"Viral Load Result Code","generation":"generated"},{"extension":[{"url":"http://hl7.org/fhir/tools/StructureDefinition/ig-page-name","valueUrl":"ValueSet-vs-arvtreatment-activity-type.html"}],"nameUrl":"ValueSet-vs-arvtreatment-activity-type.html","title":"ARV Treatment Medication Request","generation":"generated"},{"extension":[{"url":"http://hl7.org/fhir/tools/StructureDefinition/ig-page-name","valueUrl":"ValueSet-vs-transferred-out.html"}],"nameUrl":"ValueSet-vs-transferred-out.html","title":"Transferred out","generation":"generated"},{"extension":[{"url":"http://hl7.org/fhir/tools/StructureDefinition/ig-page-name","valueUrl":"Organization-HIVOrganizationPatientTransferredToExample.html"}],"nameUrl":"Organization-HIVOrganizationPatientTransferredToExample.html","title":"Example Organization - HIVOrganizationPatientTransferredToExample","generation":"generated"},{"extension":[{"url":"http://hl7.org/fhir/tools/StructureDefinition/ig-page-name","valueUrl":"Location-HIVServiceRequestLocationExample.html"}],"nameUrl":"Location-HIVServiceRequestLocationExample.html","title":"Example Location - HIVServiceRequestLocationExample","generation":"generated"},{"extension":[{"url":"http://hl7.org/fhir/tools/StructureDefinition/ig-page-name","valueUrl":"Bundle-LabCancellation.html"}],"nameUrl":"Bundle-LabCancellation.html","title":"Example Bundle - LabCancellation","generation":"generated"},{"extension":[{"url":"http://hl7.org/fhir/tools/StructureDefinition/ig-page-name","valueUrl":"Task-HIVLabOrderCancellationTaskExample.html"}],"nameUrl":"Task-HIVLabOrderCancellationTaskExample.html","title":"Example Task - HIVLabOrderCancellationTaskExample","generation":"generated"},{"extension":[{"url":"http://hl7.org/fhir/tools/StructureDefinition/ig-page-name","valueUrl":"Observation-DateHIVTestDoneExample.html"}],"nameUrl":"Observation-DateHIVTestDoneExample.html","title":"Example Observation - DateHIVTestDoneExample","generation":"generated"},{"extension":[{"url":"http://hl7.org/fhir/tools/StructureDefinition/ig-page-name","valueUrl":"Patient-HIVPatientExample.html"}],"nameUrl":"Patient-HIVPatientExample.html","title":"Example Patient - HIVPatientExample","generation":"generated"},{"extension":[{"url":"http://hl7.org/fhir/tools/StructureDefinition/ig-page-name","valueUrl":"Bundle-EMR.html"}],"nameUrl":"Bundle-EMR.html","title":"Example Bundle - EMR","generation":"generated"},{"extension":[{"url":"http://hl7.org/fhir/tools/StructureDefinition/ig-page-name","valueUrl":"Bundle-LabOrder.html"}],"nameUrl":"Bundle-LabOrder.html","title":"Example Bundle - LabOrder","generation":"generated"},{"extension":[{"url":"http://hl7.org/fhir/tools/StructureDefinition/ig-page-name","valueUrl":"Task-HIVLabResultTaskExample.html"}],"nameUrl":"Task-HIVLabResultTaskExample.html","title":"Example Task - HIVLabResultTaskExample","generation":"generated"},{"extension":[{"url":"http://hl7.org/fhir/tools/StructureDefinition/ig-page-name","valueUrl":"Observation-HIVTestResultExample.html"}],"nameUrl":"Observation-HIVTestResultExample.html","title":"Example Observation - HIVTestResultExample","generation":"generated"},{"extension":[{"url":"http://hl7.org/fhir/tools/StructureDefinition/ig-page-name","valueUrl":"Task-HIVLabOrderRejectionTaskExample.html"}],"nameUrl":"Task-HIVLabOrderRejectionTaskExample.html","title":"Example Task - HIVLabOrderRejectionTaskExample","generation":"generated"},{"extension":[{"url":"http://hl7.org/fhir/tools/StructureDefinition/ig-page-name","valueUrl":"Specimen-VLSpecimenExample.html"}],"nameUrl":"Specimen-VLSpecimenExample.html","title":"Example Specimen - VLSpecimenExample","generation":"generated"},{"extension":[{"url":"http://hl7.org/fhir/tools/StructureDefinition/ig-page-name","valueUrl":"DiagnosticReport-HIVLabResultsDiagnosticReportExample.html"}],"nameUrl":"DiagnosticReport-HIVLabResultsDiagnosticReportExample.html","title":"Example DiagnosticReport - HIVLabResultsDiagnosticReportExample","generation":"generated"},{"extension":[{"url":"http://hl7.org/fhir/tools/StructureDefinition/ig-page-name","valueUrl":"Condition-HIVDiagnosisExample.html"}],"nameUrl":"Condition-HIVDiagnosisExample.html","title":"Example Condition - HIVDiagnosisExample","generation":"generated"},{"extension":[{"url":"http://hl7.org/fhir/tools/StructureDefinition/ig-page-name","valueUrl":"Bundle-LabResult.html"}],"nameUrl":"Bundle-LabResult.html","title":"Example Bundle - LabResult","generation":"generated"},{"extension":[{"url":"http://hl7.org/fhir/tools/StructureDefinition/ig-page-name","valueUrl":"Observation-DeathExample.html"}],"nameUrl":"Observation-DeathExample.html","title":"Example Observation - DeathExample","generation":"generated"},{"extension":[{"url":"http://hl7.org/fhir/tools/StructureDefinition/ig-page-name","valueUrl":"CarePlan-ARVTreatmentRefusedExample.html"}],"nameUrl":"CarePlan-ARVTreatmentRefusedExample.html","title":"Example CarePlan - ARVTreatmentRefusedExample","generation":"generated"},{"extension":[{"url":"http://hl7.org/fhir/tools/StructureDefinition/ig-page-name","valueUrl":"Bundle-LabRejection.html"}],"nameUrl":"Bundle-LabRejection.html","title":"Example Bundle - LabRejection","generation":"generated"},{"extension":[{"url":"http://hl7.org/fhir/tools/StructureDefinition/ig-page-name","valueUrl":"Organization-HIVOrganizationExample.html"}],"nameUrl":"Organization-HIVOrganizationExample.html","title":"Example Organization - HIVOrganizationExample","generation":"generated"},{"extension":[{"url":"http://hl7.org/fhir/tools/StructureDefinition/ig-page-name","valueUrl":"Task-HIVLabOrderTaskExample.html"}],"nameUrl":"Task-HIVLabOrderTaskExample.html","title":"Example Task - HIVLabOrderTaskExample","generation":"generated"},{"extension":[{"url":"http://hl7.org/fhir/tools/StructureDefinition/ig-page-name","valueUrl":"CarePlan-ARVTreatmentContactedExample.html"}],"nameUrl":"CarePlan-ARVTreatmentContactedExample.html","title":"Example CarePlan - ARVTreatmentContactedExample","generation":"generated"},{"extension":[{"url":"http://hl7.org/fhir/tools/StructureDefinition/ig-page-name","valueUrl":"ServiceRequest-TransferredOutServiceRequestExample.html"}],"nameUrl":"ServiceRequest-TransferredOutServiceRequestExample.html","title":"Example ServiceRequest - TransferredOutServiceRequestExample","generation":"generated"},{"extension":[{"url":"http://hl7.org/fhir/tools/StructureDefinition/ig-page-name","valueUrl":"Encounter-TargetFacilityEncounterExample.html"}],"nameUrl":"Encounter-TargetFacilityEncounterExample.html","title":"Example Encounter - TargetFacilityEncounterExample","generation":"generated"},{"extension":[{"url":"http://hl7.org/fhir/tools/StructureDefinition/ig-page-name","valueUrl":"CarePlan-ARVTreatmentExample.html"}],"nameUrl":"CarePlan-ARVTreatmentExample.html","title":"Example CarePlan - ARVTreatmentExample","generation":"generated"},{"extension":[{"url":"http://hl7.org/fhir/tools/StructureDefinition/ig-page-name","valueUrl":"EpisodeOfCare-HIVEpisodeOfCareExample.html"}],"nameUrl":"EpisodeOfCare-HIVEpisodeOfCareExample.html","title":"Example EpisodeOfCare - HIVEpisodeOfCareExample","generation":"generated"},{"extension":[{"url":"http://hl7.org/fhir/tools/StructureDefinition/ig-page-name","valueUrl":"ServiceRequest-HIVServiceRequestExample.html"}],"nameUrl":"ServiceRequest-HIVServiceRequestExample.html","title":"Example ServiceRequest - HIVServiceRequestExample","generation":"generated"},{"extension":[{"url":"http://hl7.org/fhir/tools/StructureDefinition/ig-page-name","valueUrl":"Practitioner-PractitionerExample.html"}],"nameUrl":"Practitioner-PractitionerExample.html","title":"Example Practitioner - PractitionerExample","generation":"generated"},{"extension":[{"url":"http://hl7.org/fhir/tools/StructureDefinition/ig-page-name","valueUrl":"Encounter-TransferringFacilityEncounterExample.html"}],"nameUrl":"Encounter-TransferringFacilityEncounterExample.html","title":"Example Encounter - TransferringFacilityEncounterExample","generation":"generated"}]}]},"parameter":[{"code":"path-resource","value":"input\\history"},{"code":"path-resource","value":"input\\scenarios"},{"code":"path-resource","value":"input/capabilities"},{"code":"path-resource","value":"input/examples"},{"code":"path-resource","value":"input/extensions"},{"code":"path-resource","value":"input/models"},{"code":"path-resource","value":"input/operations"},{"code":"path-resource","value":"input/profiles"},{"code":"path-resource","value":"input/resources"},{"code":"path-resource","value":"input/vocabulary"},{"code":"path-resource","value":"input/testing"},{"code":"path-resource","value":"input/history"},{"code":"path-resource","value":"fsh-generated/resources"},{"code":"path-pages","value":"template/config"},{"code":"path-pages","value":"input/images"},{"code":"path-tx-cache","value":"input-cache/txcache"}]}}