{"resourceType":"ImplementationGuide","id":"openhie.fhir.hiv.program-monitoring","text":{"status":"extensions","div":"<div xmlns=\"http://www.w3.org/1999/xhtml\"><h2>HIVProgramMonitoring</h2><p>The official URL for this implementation guide is: </p><pre>http://openhie.org/fhir/hiv-program-monitoring/ImplementationGuide/openhie.fhir.hiv.program-monitoring</pre><div><p>HIV Program Monitoring and Patient Care Coordination</p>\n</div></div>"},"url":"http://openhie.org/fhir/hiv-program-monitoring/ImplementationGuide/openhie.fhir.hiv.program-monitoring","version":"0.1.0-test","name":"HIVProgramMonitoring","title":"HIV Program Monitoring and Patient Care Coordination","status":"draft","experimental":false,"date":"2023-02-14T12:20:05+00:00","publisher":"Jembi Health Systems","contact":[{"telecom":[{"system":"url","value":"https://www.jembi.org"},{"system":"email","value":"info@jembi.org"}]}],"description":"HIV Program Monitoring and Patient Care Coordination","jurisdiction":[{"coding":[{"system":"http://unstats.un.org/unsd/methods/m49/m49.htm","code":"001"}]}],"packageId":"openhie.fhir.hiv.program-monitoring","license":"CC0-1.0","fhirVersion":["4.0.1"],"dependsOn":[{"id":"hl7tx","extension":[{"url":"http://hl7.org/fhir/tools/StructureDefinition/implementationguide-dependency-comment","valueMarkdown":"Automatically added as a dependency - all IGs depend on HL7 Terminology"}],"uri":"http://terminology.hl7.org/ImplementationGuide/hl7.terminology","packageId":"hl7.terminology.r4","version":"5.0.0"}],"definition":{"extension":[{"extension":[{"url":"code","valueString":"copyrightyear"},{"url":"value","valueString":"2019+"}],"url":"http://hl7.org/fhir/tools/StructureDefinition/ig-parameter"},{"extension":[{"url":"code","valueString":"releaselabel"},{"url":"value","valueString":"CI Build"}],"url":"http://hl7.org/fhir/tools/StructureDefinition/ig-parameter"},{"extension":[{"url":"code","valueString":"path-binary"},{"url":"value","valueString":"input\\cql"}],"url":"http://hl7.org/fhir/tools/StructureDefinition/ig-parameter"},{"extension":[{"url":"code","valueString":"path-liquid"},{"url":"value","valueString":"templates\\liquid"}],"url":"http://hl7.org/fhir/tools/StructureDefinition/ig-parameter"},{"extension":[{"url":"code","valueString":"autoload-resources"},{"url":"value","valueString":"true"}],"url":"http://hl7.org/fhir/tools/StructureDefinition/ig-parameter"},{"extension":[{"url":"code","valueString":"path-liquid"},{"url":"value","valueString":"template/liquid"}],"url":"http://hl7.org/fhir/tools/StructureDefinition/ig-parameter"},{"extension":[{"url":"code","valueString":"path-liquid"},{"url":"value","valueString":"input/liquid"}],"url":"http://hl7.org/fhir/tools/StructureDefinition/ig-parameter"},{"extension":[{"url":"code","valueString":"path-qa"},{"url":"value","valueString":"temp/qa"}],"url":"http://hl7.org/fhir/tools/StructureDefinition/ig-parameter"},{"extension":[{"url":"code","valueString":"path-temp"},{"url":"value","valueString":"temp/pages"}],"url":"http://hl7.org/fhir/tools/StructureDefinition/ig-parameter"},{"extension":[{"url":"code","valueString":"path-output"},{"url":"value","valueString":"output"}],"url":"http://hl7.org/fhir/tools/StructureDefinition/ig-parameter"},{"extension":[{"url":"code","valueString":"path-suppressed-warnings"},{"url":"value","valueString":"input/ignoreWarnings.txt"}],"url":"http://hl7.org/fhir/tools/StructureDefinition/ig-parameter"},{"extension":[{"url":"code","valueString":"path-history"},{"url":"value","valueString":"http://openhie.org/fhir/hiv-program-monitoring/history.html"}],"url":"http://hl7.org/fhir/tools/StructureDefinition/ig-parameter"},{"extension":[{"url":"code","valueString":"template-html"},{"url":"value","valueString":"template-page.html"}],"url":"http://hl7.org/fhir/tools/StructureDefinition/ig-parameter"},{"extension":[{"url":"code","valueString":"template-md"},{"url":"value","valueString":"template-page-md.html"}],"url":"http://hl7.org/fhir/tools/StructureDefinition/ig-parameter"},{"extension":[{"url":"code","valueString":"apply-contact"},{"url":"value","valueString":"true"}],"url":"http://hl7.org/fhir/tools/StructureDefinition/ig-parameter"},{"extension":[{"url":"code","valueString":"apply-context"},{"url":"value","valueString":"true"}],"url":"http://hl7.org/fhir/tools/StructureDefinition/ig-parameter"},{"extension":[{"url":"code","valueString":"apply-copyright"},{"url":"value","valueString":"true"}],"url":"http://hl7.org/fhir/tools/StructureDefinition/ig-parameter"},{"extension":[{"url":"code","valueString":"apply-jurisdiction"},{"url":"value","valueString":"true"}],"url":"http://hl7.org/fhir/tools/StructureDefinition/ig-parameter"},{"extension":[{"url":"code","valueString":"apply-license"},{"url":"value","valueString":"true"}],"url":"http://hl7.org/fhir/tools/StructureDefinition/ig-parameter"},{"extension":[{"url":"code","valueString":"apply-publisher"},{"url":"value","valueString":"true"}],"url":"http://hl7.org/fhir/tools/StructureDefinition/ig-parameter"},{"extension":[{"url":"code","valueString":"apply-version"},{"url":"value","valueString":"true"}],"url":"http://hl7.org/fhir/tools/StructureDefinition/ig-parameter"},{"extension":[{"url":"code","valueString":"active-tables"},{"url":"value","valueString":"true"}],"url":"http://hl7.org/fhir/tools/StructureDefinition/ig-parameter"},{"extension":[{"url":"code","valueString":"fmm-definition"},{"url":"value","valueString":"http://hl7.org/fhir/versions.html#maturity"}],"url":"http://hl7.org/fhir/tools/StructureDefinition/ig-parameter"},{"extension":[{"url":"code","valueString":"propagate-status"},{"url":"value","valueString":"true"}],"url":"http://hl7.org/fhir/tools/StructureDefinition/ig-parameter"},{"extension":[{"url":"code","valueString":"excludelogbinaryformat"},{"url":"value","valueString":"true"}],"url":"http://hl7.org/fhir/tools/StructureDefinition/ig-parameter"},{"extension":[{"url":"code","valueString":"tabbed-snapshots"},{"url":"value","valueString":"true"}],"url":"http://hl7.org/fhir/tools/StructureDefinition/ig-parameter"},{"extension":[{"url":"code","valueString":"copyrightyear"},{"url":"value","valueString":"2019+"}],"url":"http://hl7.org/fhir/tools/StructureDefinition/ig-parameter"},{"extension":[{"url":"code","valueString":"releaselabel"},{"url":"value","valueString":"CI Build"}],"url":"http://hl7.org/fhir/tools/StructureDefinition/ig-parameter"},{"extension":[{"url":"code","valueString":"path-binary"},{"url":"value","valueString":"input\\cql"}],"url":"http://hl7.org/fhir/tools/StructureDefinition/ig-parameter"},{"extension":[{"url":"code","valueString":"path-liquid"},{"url":"value","valueString":"templates\\liquid"}],"url":"http://hl7.org/fhir/tools/StructureDefinition/ig-parameter"},{"extension":[{"url":"code","valueString":"autoload-resources"},{"url":"value","valueString":"true"}],"url":"http://hl7.org/fhir/tools/StructureDefinition/ig-parameter"},{"extension":[{"url":"code","valueString":"path-liquid"},{"url":"value","valueString":"template/liquid"}],"url":"http://hl7.org/fhir/tools/StructureDefinition/ig-parameter"},{"extension":[{"url":"code","valueString":"path-liquid"},{"url":"value","valueString":"input/liquid"}],"url":"http://hl7.org/fhir/tools/StructureDefinition/ig-parameter"},{"extension":[{"url":"code","valueString":"path-qa"},{"url":"value","valueString":"temp/qa"}],"url":"http://hl7.org/fhir/tools/StructureDefinition/ig-parameter"},{"extension":[{"url":"code","valueString":"path-temp"},{"url":"value","valueString":"temp/pages"}],"url":"http://hl7.org/fhir/tools/StructureDefinition/ig-parameter"},{"extension":[{"url":"code","valueString":"path-output"},{"url":"value","valueString":"output"}],"url":"http://hl7.org/fhir/tools/StructureDefinition/ig-parameter"},{"extension":[{"url":"code","valueString":"path-suppressed-warnings"},{"url":"value","valueString":"input/ignoreWarnings.txt"}],"url":"http://hl7.org/fhir/tools/StructureDefinition/ig-parameter"},{"extension":[{"url":"code","valueString":"path-history"},{"url":"value","valueString":"http://openhie.org/fhir/hiv-program-monitoring/history.html"}],"url":"http://hl7.org/fhir/tools/StructureDefinition/ig-parameter"},{"extension":[{"url":"code","valueString":"template-html"},{"url":"value","valueString":"template-page.html"}],"url":"http://hl7.org/fhir/tools/StructureDefinition/ig-parameter"},{"extension":[{"url":"code","valueString":"template-md"},{"url":"value","valueString":"template-page-md.html"}],"url":"http://hl7.org/fhir/tools/StructureDefinition/ig-parameter"},{"extension":[{"url":"code","valueString":"apply-contact"},{"url":"value","valueString":"true"}],"url":"http://hl7.org/fhir/tools/StructureDefinition/ig-parameter"},{"extension":[{"url":"code","valueString":"apply-context"},{"url":"value","valueString":"true"}],"url":"http://hl7.org/fhir/tools/StructureDefinition/ig-parameter"},{"extension":[{"url":"code","valueString":"apply-copyright"},{"url":"value","valueString":"true"}],"url":"http://hl7.org/fhir/tools/StructureDefinition/ig-parameter"},{"extension":[{"url":"code","valueString":"apply-jurisdiction"},{"url":"value","valueString":"true"}],"url":"http://hl7.org/fhir/tools/StructureDefinition/ig-parameter"},{"extension":[{"url":"code","valueString":"apply-license"},{"url":"value","valueString":"true"}],"url":"http://hl7.org/fhir/tools/StructureDefinition/ig-parameter"},{"extension":[{"url":"code","valueString":"apply-publisher"},{"url":"value","valueString":"true"}],"url":"http://hl7.org/fhir/tools/StructureDefinition/ig-parameter"},{"extension":[{"url":"code","valueString":"apply-version"},{"url":"value","valueString":"true"}],"url":"http://hl7.org/fhir/tools/StructureDefinition/ig-parameter"},{"extension":[{"url":"code","valueString":"active-tables"},{"url":"value","valueString":"true"}],"url":"http://hl7.org/fhir/tools/StructureDefinition/ig-parameter"},{"extension":[{"url":"code","valueString":"fmm-definition"},{"url":"value","valueString":"http://hl7.org/fhir/versions.html#maturity"}],"url":"http://hl7.org/fhir/tools/StructureDefinition/ig-parameter"},{"extension":[{"url":"code","valueString":"propagate-status"},{"url":"value","valueString":"true"}],"url":"http://hl7.org/fhir/tools/StructureDefinition/ig-parameter"},{"extension":[{"url":"code","valueString":"excludelogbinaryformat"},{"url":"value","valueString":"true"}],"url":"http://hl7.org/fhir/tools/StructureDefinition/ig-parameter"},{"extension":[{"url":"code","valueString":"tabbed-snapshots"},{"url":"value","valueString":"true"}],"url":"http://hl7.org/fhir/tools/StructureDefinition/ig-parameter"},{"extension":[{"url":"code","valueString":"copyrightyear"},{"url":"value","valueString":"2019+"}],"url":"http://hl7.org/fhir/tools/StructureDefinition/ig-parameter"},{"extension":[{"url":"code","valueString":"releaselabel"},{"url":"value","valueString":"CI Build"}],"url":"http://hl7.org/fhir/tools/StructureDefinition/ig-parameter"},{"extension":[{"url":"code","valueString":"path-binary"},{"url":"value","valueString":"input\\cql"}],"url":"http://hl7.org/fhir/tools/StructureDefinition/ig-parameter"},{"extension":[{"url":"code","valueString":"path-liquid"},{"url":"value","valueString":"templates\\liquid"}],"url":"http://hl7.org/fhir/tools/StructureDefinition/ig-parameter"},{"extension":[{"url":"code","valueString":"autoload-resources"},{"url":"value","valueString":"true"}],"url":"http://hl7.org/fhir/tools/StructureDefinition/ig-parameter"},{"extension":[{"url":"code","valueString":"path-liquid"},{"url":"value","valueString":"template/liquid"}],"url":"http://hl7.org/fhir/tools/StructureDefinition/ig-parameter"},{"extension":[{"url":"code","valueString":"path-liquid"},{"url":"value","valueString":"input/liquid"}],"url":"http://hl7.org/fhir/tools/StructureDefinition/ig-parameter"},{"extension":[{"url":"code","valueString":"path-qa"},{"url":"value","valueString":"temp/qa"}],"url":"http://hl7.org/fhir/tools/StructureDefinition/ig-parameter"},{"extension":[{"url":"code","valueString":"path-temp"},{"url":"value","valueString":"temp/pages"}],"url":"http://hl7.org/fhir/tools/StructureDefinition/ig-parameter"},{"extension":[{"url":"code","valueString":"path-output"},{"url":"value","valueString":"output"}],"url":"http://hl7.org/fhir/tools/StructureDefinition/ig-parameter"},{"extension":[{"url":"code","valueString":"path-suppressed-warnings"},{"url":"value","valueString":"input/ignoreWarnings.txt"}],"url":"http://hl7.org/fhir/tools/StructureDefinition/ig-parameter"},{"extension":[{"url":"code","valueString":"path-history"},{"url":"value","valueString":"http://openhie.org/fhir/hiv-program-monitoring/history.html"}],"url":"http://hl7.org/fhir/tools/StructureDefinition/ig-parameter"},{"extension":[{"url":"code","valueString":"template-html"},{"url":"value","valueString":"template-page.html"}],"url":"http://hl7.org/fhir/tools/StructureDefinition/ig-parameter"},{"extension":[{"url":"code","valueString":"template-md"},{"url":"value","valueString":"template-page-md.html"}],"url":"http://hl7.org/fhir/tools/StructureDefinition/ig-parameter"},{"extension":[{"url":"code","valueString":"apply-contact"},{"url":"value","valueString":"true"}],"url":"http://hl7.org/fhir/tools/StructureDefinition/ig-parameter"},{"extension":[{"url":"code","valueString":"apply-context"},{"url":"value","valueString":"true"}],"url":"http://hl7.org/fhir/tools/StructureDefinition/ig-parameter"},{"extension":[{"url":"code","valueString":"apply-copyright"},{"url":"value","valueString":"true"}],"url":"http://hl7.org/fhir/tools/StructureDefinition/ig-parameter"},{"extension":[{"url":"code","valueString":"apply-jurisdiction"},{"url":"value","valueString":"true"}],"url":"http://hl7.org/fhir/tools/StructureDefinition/ig-parameter"},{"extension":[{"url":"code","valueString":"apply-license"},{"url":"value","valueString":"true"}],"url":"http://hl7.org/fhir/tools/StructureDefinition/ig-parameter"},{"extension":[{"url":"code","valueString":"apply-publisher"},{"url":"value","valueString":"true"}],"url":"http://hl7.org/fhir/tools/StructureDefinition/ig-parameter"},{"extension":[{"url":"code","valueString":"apply-version"},{"url":"value","valueString":"true"}],"url":"http://hl7.org/fhir/tools/StructureDefinition/ig-parameter"},{"extension":[{"url":"code","valueString":"active-tables"},{"url":"value","valueString":"true"}],"url":"http://hl7.org/fhir/tools/StructureDefinition/ig-parameter"},{"extension":[{"url":"code","valueString":"fmm-definition"},{"url":"value","valueString":"http://hl7.org/fhir/versions.html#maturity"}],"url":"http://hl7.org/fhir/tools/StructureDefinition/ig-parameter"},{"extension":[{"url":"code","valueString":"propagate-status"},{"url":"value","valueString":"true"}],"url":"http://hl7.org/fhir/tools/StructureDefinition/ig-parameter"},{"extension":[{"url":"code","valueString":"excludelogbinaryformat"},{"url":"value","valueString":"true"}],"url":"http://hl7.org/fhir/tools/StructureDefinition/ig-parameter"},{"extension":[{"url":"code","valueString":"tabbed-snapshots"},{"url":"value","valueString":"true"}],"url":"http://hl7.org/fhir/tools/StructureDefinition/ig-parameter"}],"grouping":[{"id":"-str-profile","name":"Structures: Resource Profiles","description":"These define constraints on FHIR resources for systems conforming to this implementation guide."},{"id":"-str-extension","name":"Structures: Extension Definitions","description":"These define constraints on FHIR data types for systems conforming to this implementation guide."},{"id":"-term-valueset","name":"Terminology: Value Sets","description":"These define sets of codes used by systems conforming to this implementation guide."},{"id":"-term-codesystem","name":"Terminology: Code Systems","description":"These define new code systems used by systems conforming to this implementation guide."},{"id":"-ex-example","name":"Example: Example Instances","description":"These are example instances that show what data produced and consumed by systems conforming with this implementation guide might look like."}],"resource":[{"extension":[{"url":"http://hl7.org/fhir/StructureDefinition/implementationguide-page","valueUri":"Encounter-TransferringFacilityEncounterExample.html"}],"reference":{"reference":"Encounter/TransferringFacilityEncounterExample"},"name":"Example Encounter - TransferringFacilityEncounterExample","exampleCanonical":"http://openhie.org/fhir/hiv-program-monitoring/StructureDefinition/transferring-facility-encounter","groupingId":"-ex-example"},{"extension":[{"url":"http://hl7.org/fhir/StructureDefinition/implementationguide-page","valueUri":"Observation-DeathExample.html"}],"reference":{"reference":"Observation/DeathExample"},"name":"Example Observation - DeathExample","exampleCanonical":"http://openhie.org/fhir/hiv-program-monitoring/StructureDefinition/death","groupingId":"-ex-example"},{"extension":[{"url":"http://hl7.org/fhir/StructureDefinition/implementationguide-page","valueUri":"ValueSet-vs-vl-result-code.html"}],"reference":{"reference":"ValueSet/vs-vl-result-code"},"name":"Viral Load Result Code","description":"Viral Load Result Code","groupingId":"-term-valueset"},{"extension":[{"url":"http://hl7.org/fhir/StructureDefinition/implementationguide-page","valueUri":"Condition-HIVDiagnosisExample.html"}],"reference":{"reference":"Condition/HIVDiagnosisExample"},"name":"Example Condition - HIVDiagnosisExample","exampleCanonical":"http://openhie.org/fhir/hiv-program-monitoring/StructureDefinition/hiv-diagnosis","groupingId":"-ex-example"},{"extension":[{"url":"http://hl7.org/fhir/StructureDefinition/implementationguide-page","valueUri":"ValueSet-vs-patient-enrollment-type.html"}],"reference":{"reference":"ValueSet/vs-patient-enrollment-type"},"name":"Patient Type at Enrolment","description":"A list of Patient Types at Enrolment","groupingId":"-term-valueset"},{"extension":[{"url":"http://hl7.org/fhir/StructureDefinition/implementationguide-page","valueUri":"StructureDefinition-hiv-arv-treatment.html"}],"reference":{"reference":"StructureDefinition/hiv-arv-treatment"},"name":"ARV Treatment","description":"This profile is to record prescribed ARV regimen against a given therapeutic line","groupingId":"-str-profile"},{"extension":[{"url":"http://hl7.org/fhir/StructureDefinition/implementationguide-page","valueUri":"StructureDefinition-hiv-diagnosis.html"}],"reference":{"reference":"StructureDefinition/hiv-diagnosis"},"name":"Diagnosis","description":"Confirmation of the diagnosis","groupingId":"-str-profile"},{"extension":[{"url":"http://hl7.org/fhir/StructureDefinition/implementationguide-page","valueUri":"StructureDefinition-hiv-patient.html"}],"reference":{"reference":"StructureDefinition/hiv-patient"},"name":"Patient","description":"A patient resource for an HIV Patient","groupingId":"-str-profile"},{"extension":[{"url":"http://hl7.org/fhir/StructureDefinition/implementationguide-page","valueUri":"ValueSet-vs-arvtreatment-activity-type.html"}],"reference":{"reference":"ValueSet/vs-arvtreatment-activity-type"},"name":"ARV Treatment Medication Request","description":"ARV Treatment Medication Request","groupingId":"-term-valueset"},{"extension":[{"url":"http://hl7.org/fhir/StructureDefinition/implementationguide-page","valueUri":"CarePlan-ARVTreatmentExample.html"}],"reference":{"reference":"CarePlan/ARVTreatmentExample"},"name":"Example CarePlan - ARVTreatmentExample","exampleCanonical":"http://openhie.org/fhir/hiv-program-monitoring/StructureDefinition/hiv-arv-treatment","groupingId":"-ex-example"},{"extension":[{"url":"http://hl7.org/fhir/StructureDefinition/implementationguide-page","valueUri":"Encounter-TargetFacilityEncounterExample.html"}],"reference":{"reference":"Encounter/TargetFacilityEncounterExample"},"name":"Example Encounter - TargetFacilityEncounterExample","exampleCanonical":"http://openhie.org/fhir/hiv-program-monitoring/StructureDefinition/target-facility-encounter","groupingId":"-ex-example"},{"extension":[{"url":"http://hl7.org/fhir/StructureDefinition/implementationguide-page","valueUri":"StructureDefinition-hiv-care-next-visit.html"}],"reference":{"reference":"StructureDefinition/hiv-care-next-visit"},"name":"Next Appointment Date","description":"A date representing the patient's next scheduled appointment","groupingId":"-str-extension"},{"extension":[{"url":"http://hl7.org/fhir/StructureDefinition/implementationguide-page","valueUri":"CodeSystem-cs-vl-suppression.html"}],"reference":{"reference":"CodeSystem/cs-vl-suppression"},"name":"Viral load Suppressions Status","description":"A list of Viral load Statuses","groupingId":"-term-codesystem"},{"extension":[{"url":"http://hl7.org/fhir/StructureDefinition/implementationguide-page","valueUri":"Patient-HIVPatientExample.html"}],"reference":{"reference":"Patient/HIVPatientExample"},"name":"Example Patient - HIVPatientExample","exampleCanonical":"http://openhie.org/fhir/hiv-program-monitoring/StructureDefinition/hiv-patient","groupingId":"-ex-example"},{"extension":[{"url":"http://hl7.org/fhir/StructureDefinition/implementationguide-page","valueUri":"StructureDefinition-hiv-episode-of-care.html"}],"reference":{"reference":"StructureDefinition/hiv-episode-of-care"},"name":"HIV Episode Of Care","description":"This profile is to record the patient HIV Management Programme Enrollment details.","groupingId":"-str-profile"},{"extension":[{"url":"http://hl7.org/fhir/StructureDefinition/implementationguide-page","valueUri":"EpisodeOfCare-HIVEpisodeOfCareExample.html"}],"reference":{"reference":"EpisodeOfCare/HIVEpisodeOfCareExample"},"name":"Example EpisodeOfCare - HIVEpisodeOfCareExample","exampleCanonical":"http://openhie.org/fhir/hiv-program-monitoring/StructureDefinition/hiv-episode-of-care","groupingId":"-ex-example"},{"extension":[{"url":"http://hl7.org/fhir/StructureDefinition/implementationguide-page","valueUri":"StructureDefinition-hiv-organization.html"}],"reference":{"reference":"StructureDefinition/hiv-organization"},"name":"HIV Organization","description":"Organization providing HIV Testing Services","groupingId":"-str-profile"},{"extension":[{"url":"http://hl7.org/fhir/StructureDefinition/implementationguide-page","valueUri":"Observation-ViralLoadSuppressionExample.html"}],"reference":{"reference":"Observation/ViralLoadSuppressionExample"},"name":"Example Observation - ViralLoadSuppressionExample","exampleCanonical":"http://openhie.org/fhir/hiv-program-monitoring/StructureDefinition/viral-load-suppression","groupingId":"-ex-example"},{"extension":[{"url":"http://hl7.org/fhir/StructureDefinition/implementationguide-page","valueUri":"ValueSet-vs-hiv-death.html"}],"reference":{"reference":"ValueSet/vs-hiv-death"},"name":"Death","description":"A list of possible HIV deaths","groupingId":"-term-valueset"},{"extension":[{"url":"http://hl7.org/fhir/StructureDefinition/implementationguide-page","valueUri":"ValueSet-vs-hiv-test-done.html"}],"reference":{"reference":"ValueSet/vs-hiv-test-done"},"name":"HIV Test Done","description":"HIV Test Done","groupingId":"-term-valueset"},{"extension":[{"url":"http://hl7.org/fhir/StructureDefinition/implementationguide-page","valueUri":"ValueSet-vs-artregimen-lines.html"}],"reference":{"reference":"ValueSet/vs-artregimen-lines"},"name":"ART Regimen Lines","description":"A list of ART Regimen Lines","groupingId":"-term-valueset"},{"extension":[{"url":"http://hl7.org/fhir/StructureDefinition/implementationguide-page","valueUri":"StructureDefinition-target-facility-encounter.html"}],"reference":{"reference":"StructureDefinition/target-facility-encounter"},"name":"Target Facility Encounter","description":"This profile represents the facility the patient is being transferred to","groupingId":"-str-profile"},{"extension":[{"url":"http://hl7.org/fhir/StructureDefinition/implementationguide-page","valueUri":"StructureDefinition-death.html"}],"reference":{"reference":"StructureDefinition/death"},"name":"Patient Death","description":"This profile is to record the death of a patient observation","groupingId":"-str-profile"},{"extension":[{"url":"http://hl7.org/fhir/StructureDefinition/implementationguide-page","valueUri":"StructureDefinition-viral-load-suppression.html"}],"reference":{"reference":"StructureDefinition/viral-load-suppression"},"name":"Viral Load Suppression","description":"This profile is to record a Viral Load Suppression observation for a patient","groupingId":"-str-profile"},{"extension":[{"url":"http://hl7.org/fhir/StructureDefinition/implementationguide-page","valueUri":"StructureDefinition-art-regimen-line.html"}],"reference":{"reference":"StructureDefinition/art-regimen-line"},"name":"ART Regimen Line","description":"ART Regimen Line","groupingId":"-str-extension"},{"extension":[{"url":"http://hl7.org/fhir/StructureDefinition/implementationguide-page","valueUri":"Observation-DateHIVTestDoneExample.html"}],"reference":{"reference":"Observation/DateHIVTestDoneExample"},"name":"Example Observation - DateHIVTestDoneExample","exampleCanonical":"http://openhie.org/fhir/hiv-program-monitoring/StructureDefinition/date-hiv-test-done","groupingId":"-ex-example"},{"extension":[{"url":"http://hl7.org/fhir/StructureDefinition/implementationguide-page","valueUri":"StructureDefinition-date-hiv-test-done.html"}],"reference":{"reference":"StructureDefinition/date-hiv-test-done"},"name":"Date HIV Test Done","description":"This profile is to record the Date when HIV test was done for a patient","groupingId":"-str-profile"},{"extension":[{"url":"http://hl7.org/fhir/StructureDefinition/implementationguide-page","valueUri":"ValueSet-vs-hiv-diagnosis.html"}],"reference":{"reference":"ValueSet/vs-hiv-diagnosis"},"name":"HIV Diagnosis","description":"A list of possible HIV diagnoses","groupingId":"-term-valueset"},{"extension":[{"url":"http://hl7.org/fhir/StructureDefinition/implementationguide-page","valueUri":"CodeSystem-cs-vl-result-code.html"}],"reference":{"reference":"CodeSystem/cs-vl-result-code"},"name":"Viral Load Result Code","description":"Viral Load Result Code","groupingId":"-term-codesystem"},{"extension":[{"url":"http://hl7.org/fhir/StructureDefinition/implementationguide-page","valueUri":"CodeSystem-cs-patient-enrollment-type.html"}],"reference":{"reference":"CodeSystem/cs-patient-enrollment-type"},"name":"Patient Type at Enrolment","description":"A list of Custom Patient Types at Enrolment","groupingId":"-term-codesystem"},{"extension":[{"url":"http://hl7.org/fhir/StructureDefinition/implementationguide-page","valueUri":"ValueSet-vs-vl-suppression.html"}],"reference":{"reference":"ValueSet/vs-vl-suppression"},"name":"Viral load Suppressions Status","description":"A list of Viral load Statuses","groupingId":"-term-valueset"},{"extension":[{"url":"http://hl7.org/fhir/StructureDefinition/implementationguide-page","valueUri":"Organization-HIVOrganizationExample.html"}],"reference":{"reference":"Organization/HIVOrganizationExample"},"name":"Example Organization - HIVOrganizationExample","exampleCanonical":"http://openhie.org/fhir/hiv-program-monitoring/StructureDefinition/hiv-organization","groupingId":"-ex-example"},{"extension":[{"url":"http://hl7.org/fhir/StructureDefinition/implementationguide-page","valueUri":"StructureDefinition-transferring-facility-encounter.html"}],"reference":{"reference":"StructureDefinition/transferring-facility-encounter"},"name":"Transferring Facility Encounter","description":"This profile represents the facility the patient is being transferred from","groupingId":"-str-profile"}],"page":{"extension":[{"url":"http://hl7.org/fhir/tools/StructureDefinition/ig-page-name","valueUrl":"toc.html"}],"nameUrl":"toc.html","title":"Table of Contents","generation":"html","page":[{"extension":[{"url":"http://hl7.org/fhir/tools/StructureDefinition/ig-page-name","valueUrl":"index.html"}],"nameUrl":"index.html","title":"HIV Program Monitoring and Patient Care Coordination","generation":"html"},{"extension":[{"url":"http://hl7.org/fhir/tools/StructureDefinition/ig-page-name","valueUrl":"bussiness-description.html"}],"nameUrl":"bussiness-description.html","title":"Business Description","generation":"html","page":[{"extension":[{"url":"http://hl7.org/fhir/tools/StructureDefinition/ig-page-name","valueUrl":"requirements.html"}],"nameUrl":"requirements.html","title":"Functional Requirements","generation":"html","page":[{"extension":[{"url":"http://hl7.org/fhir/tools/StructureDefinition/ig-page-name","valueUrl":"use-cases.html"}],"nameUrl":"use-cases.html","title":"Use Cases","generation":"html"}]},{"extension":[{"url":"http://hl7.org/fhir/tools/StructureDefinition/ig-page-name","valueUrl":"personas.html"}],"nameUrl":"personas.html","title":"Personas","generation":"html"},{"extension":[{"url":"http://hl7.org/fhir/tools/StructureDefinition/ig-page-name","valueUrl":"workflows.html"}],"nameUrl":"workflows.html","title":"Usage Workflows","generation":"html"}]},{"extension":[{"url":"http://hl7.org/fhir/tools/StructureDefinition/ig-page-name","valueUrl":"deployment.html"}],"nameUrl":"deployment.html","title":"Deployment & Use","generation":"html","page":[{"extension":[{"url":"http://hl7.org/fhir/tools/StructureDefinition/ig-page-name","valueUrl":"bundles.html"}],"nameUrl":"bundles.html","title":"Message Bundles","generation":"html","page":[{"extension":[{"url":"http://hl7.org/fhir/tools/StructureDefinition/ig-page-name","valueUrl":"emr-bundle.html"}],"nameUrl":"emr-bundle.html","title":"EMR Bundle","generation":"html"},{"extension":[{"url":"http://hl7.org/fhir/tools/StructureDefinition/ig-page-name","valueUrl":"lab-order-bundle.html"}],"nameUrl":"lab-order-bundle.html","title":"Lab Order Bundle","generation":"html"},{"extension":[{"url":"http://hl7.org/fhir/tools/StructureDefinition/ig-page-name","valueUrl":"lab-result-bundle.html"}],"nameUrl":"lab-result-bundle.html","title":"Lab Result Bundle","generation":"html"},{"extension":[{"url":"http://hl7.org/fhir/tools/StructureDefinition/ig-page-name","valueUrl":"lab-cancellation-bundle.html"}],"nameUrl":"lab-cancellation-bundle.html","title":"Lab Cancellation Bundle","generation":"html"},{"extension":[{"url":"http://hl7.org/fhir/tools/StructureDefinition/ig-page-name","valueUrl":"lab-rejection-bundle.html"}],"nameUrl":"lab-rejection-bundle.html","title":"Lab Rejection Bundle","generation":"html"}]},{"extension":[{"url":"http://hl7.org/fhir/tools/StructureDefinition/ig-page-name","valueUrl":"security-privacy.html"}],"nameUrl":"security-privacy.html","title":"Security & Privacy","generation":"html"},{"extension":[{"url":"http://hl7.org/fhir/tools/StructureDefinition/ig-page-name","valueUrl":"testing.html"}],"nameUrl":"testing.html","title":"Testing","generation":"html"}]},{"extension":[{"url":"http://hl7.org/fhir/tools/StructureDefinition/ig-page-name","valueUrl":"referenced-sources.html"}],"nameUrl":"referenced-sources.html","title":"References","generation":"html"},{"extension":[{"url":"http://hl7.org/fhir/tools/StructureDefinition/ig-page-name","valueUrl":"changes.html"}],"nameUrl":"changes.html","title":"IG Change History","generation":"html"},{"extension":[{"url":"http://hl7.org/fhir/tools/StructureDefinition/ig-page-name","valueUrl":"artifacts.html"}],"nameUrl":"artifacts.html","title":"Artifacts Summary","generation":"html","page":[{"extension":[{"url":"http://hl7.org/fhir/tools/StructureDefinition/ig-page-name","valueUrl":"StructureDefinition-hiv-arv-treatment.html"}],"nameUrl":"StructureDefinition-hiv-arv-treatment.html","title":"ARV Treatment","generation":"generated"},{"extension":[{"url":"http://hl7.org/fhir/tools/StructureDefinition/ig-page-name","valueUrl":"StructureDefinition-hiv-diagnosis.html"}],"nameUrl":"StructureDefinition-hiv-diagnosis.html","title":"Diagnosis","generation":"generated"},{"extension":[{"url":"http://hl7.org/fhir/tools/StructureDefinition/ig-page-name","valueUrl":"StructureDefinition-hiv-patient.html"}],"nameUrl":"StructureDefinition-hiv-patient.html","title":"Patient","generation":"generated"},{"extension":[{"url":"http://hl7.org/fhir/tools/StructureDefinition/ig-page-name","valueUrl":"StructureDefinition-hiv-episode-of-care.html"}],"nameUrl":"StructureDefinition-hiv-episode-of-care.html","title":"HIV Episode Of Care","generation":"generated"},{"extension":[{"url":"http://hl7.org/fhir/tools/StructureDefinition/ig-page-name","valueUrl":"StructureDefinition-hiv-organization.html"}],"nameUrl":"StructureDefinition-hiv-organization.html","title":"HIV Organization","generation":"generated"},{"extension":[{"url":"http://hl7.org/fhir/tools/StructureDefinition/ig-page-name","valueUrl":"StructureDefinition-target-facility-encounter.html"}],"nameUrl":"StructureDefinition-target-facility-encounter.html","title":"Target Facility Encounter","generation":"generated"},{"extension":[{"url":"http://hl7.org/fhir/tools/StructureDefinition/ig-page-name","valueUrl":"StructureDefinition-death.html"}],"nameUrl":"StructureDefinition-death.html","title":"Patient Death","generation":"generated"},{"extension":[{"url":"http://hl7.org/fhir/tools/StructureDefinition/ig-page-name","valueUrl":"StructureDefinition-viral-load-suppression.html"}],"nameUrl":"StructureDefinition-viral-load-suppression.html","title":"Viral Load Suppression","generation":"generated"},{"extension":[{"url":"http://hl7.org/fhir/tools/StructureDefinition/ig-page-name","valueUrl":"StructureDefinition-date-hiv-test-done.html"}],"nameUrl":"StructureDefinition-date-hiv-test-done.html","title":"Date HIV Test Done","generation":"generated"},{"extension":[{"url":"http://hl7.org/fhir/tools/StructureDefinition/ig-page-name","valueUrl":"StructureDefinition-transferring-facility-encounter.html"}],"nameUrl":"StructureDefinition-transferring-facility-encounter.html","title":"Transferring Facility Encounter","generation":"generated"},{"extension":[{"url":"http://hl7.org/fhir/tools/StructureDefinition/ig-page-name","valueUrl":"StructureDefinition-hiv-care-next-visit.html"}],"nameUrl":"StructureDefinition-hiv-care-next-visit.html","title":"Next Appointment Date","generation":"generated"},{"extension":[{"url":"http://hl7.org/fhir/tools/StructureDefinition/ig-page-name","valueUrl":"StructureDefinition-art-regimen-line.html"}],"nameUrl":"StructureDefinition-art-regimen-line.html","title":"ART Regimen Line","generation":"generated"},{"extension":[{"url":"http://hl7.org/fhir/tools/StructureDefinition/ig-page-name","valueUrl":"ValueSet-vs-vl-result-code.html"}],"nameUrl":"ValueSet-vs-vl-result-code.html","title":"Viral Load Result Code","generation":"generated"},{"extension":[{"url":"http://hl7.org/fhir/tools/StructureDefinition/ig-page-name","valueUrl":"ValueSet-vs-patient-enrollment-type.html"}],"nameUrl":"ValueSet-vs-patient-enrollment-type.html","title":"Patient Type at Enrolment","generation":"generated"},{"extension":[{"url":"http://hl7.org/fhir/tools/StructureDefinition/ig-page-name","valueUrl":"ValueSet-vs-arvtreatment-activity-type.html"}],"nameUrl":"ValueSet-vs-arvtreatment-activity-type.html","title":"ARV Treatment Medication Request","generation":"generated"},{"extension":[{"url":"http://hl7.org/fhir/tools/StructureDefinition/ig-page-name","valueUrl":"ValueSet-vs-hiv-death.html"}],"nameUrl":"ValueSet-vs-hiv-death.html","title":"Death","generation":"generated"},{"extension":[{"url":"http://hl7.org/fhir/tools/StructureDefinition/ig-page-name","valueUrl":"ValueSet-vs-hiv-test-done.html"}],"nameUrl":"ValueSet-vs-hiv-test-done.html","title":"HIV Test Done","generation":"generated"},{"extension":[{"url":"http://hl7.org/fhir/tools/StructureDefinition/ig-page-name","valueUrl":"ValueSet-vs-artregimen-lines.html"}],"nameUrl":"ValueSet-vs-artregimen-lines.html","title":"ART Regimen Lines","generation":"generated"},{"extension":[{"url":"http://hl7.org/fhir/tools/StructureDefinition/ig-page-name","valueUrl":"ValueSet-vs-hiv-diagnosis.html"}],"nameUrl":"ValueSet-vs-hiv-diagnosis.html","title":"HIV Diagnosis","generation":"generated"},{"extension":[{"url":"http://hl7.org/fhir/tools/StructureDefinition/ig-page-name","valueUrl":"ValueSet-vs-vl-suppression.html"}],"nameUrl":"ValueSet-vs-vl-suppression.html","title":"Viral load Suppressions Status","generation":"generated"},{"extension":[{"url":"http://hl7.org/fhir/tools/StructureDefinition/ig-page-name","valueUrl":"CodeSystem-cs-vl-suppression.html"}],"nameUrl":"CodeSystem-cs-vl-suppression.html","title":"Viral load Suppressions Status","generation":"generated"},{"extension":[{"url":"http://hl7.org/fhir/tools/StructureDefinition/ig-page-name","valueUrl":"CodeSystem-cs-vl-result-code.html"}],"nameUrl":"CodeSystem-cs-vl-result-code.html","title":"Viral Load Result Code","generation":"generated"},{"extension":[{"url":"http://hl7.org/fhir/tools/StructureDefinition/ig-page-name","valueUrl":"CodeSystem-cs-patient-enrollment-type.html"}],"nameUrl":"CodeSystem-cs-patient-enrollment-type.html","title":"Patient Type at Enrolment","generation":"generated"},{"extension":[{"url":"http://hl7.org/fhir/tools/StructureDefinition/ig-page-name","valueUrl":"Encounter-TransferringFacilityEncounterExample.html"}],"nameUrl":"Encounter-TransferringFacilityEncounterExample.html","title":"Example Encounter - TransferringFacilityEncounterExample","generation":"generated"},{"extension":[{"url":"http://hl7.org/fhir/tools/StructureDefinition/ig-page-name","valueUrl":"Observation-DeathExample.html"}],"nameUrl":"Observation-DeathExample.html","title":"Example Observation - DeathExample","generation":"generated"},{"extension":[{"url":"http://hl7.org/fhir/tools/StructureDefinition/ig-page-name","valueUrl":"Condition-HIVDiagnosisExample.html"}],"nameUrl":"Condition-HIVDiagnosisExample.html","title":"Example Condition - HIVDiagnosisExample","generation":"generated"},{"extension":[{"url":"http://hl7.org/fhir/tools/StructureDefinition/ig-page-name","valueUrl":"CarePlan-ARVTreatmentExample.html"}],"nameUrl":"CarePlan-ARVTreatmentExample.html","title":"Example CarePlan - ARVTreatmentExample","generation":"generated"},{"extension":[{"url":"http://hl7.org/fhir/tools/StructureDefinition/ig-page-name","valueUrl":"Encounter-TargetFacilityEncounterExample.html"}],"nameUrl":"Encounter-TargetFacilityEncounterExample.html","title":"Example Encounter - TargetFacilityEncounterExample","generation":"generated"},{"extension":[{"url":"http://hl7.org/fhir/tools/StructureDefinition/ig-page-name","valueUrl":"Patient-HIVPatientExample.html"}],"nameUrl":"Patient-HIVPatientExample.html","title":"Example Patient - HIVPatientExample","generation":"generated"},{"extension":[{"url":"http://hl7.org/fhir/tools/StructureDefinition/ig-page-name","valueUrl":"EpisodeOfCare-HIVEpisodeOfCareExample.html"}],"nameUrl":"EpisodeOfCare-HIVEpisodeOfCareExample.html","title":"Example EpisodeOfCare - HIVEpisodeOfCareExample","generation":"generated"},{"extension":[{"url":"http://hl7.org/fhir/tools/StructureDefinition/ig-page-name","valueUrl":"Observation-ViralLoadSuppressionExample.html"}],"nameUrl":"Observation-ViralLoadSuppressionExample.html","title":"Example Observation - ViralLoadSuppressionExample","generation":"generated"},{"extension":[{"url":"http://hl7.org/fhir/tools/StructureDefinition/ig-page-name","valueUrl":"Observation-DateHIVTestDoneExample.html"}],"nameUrl":"Observation-DateHIVTestDoneExample.html","title":"Example Observation - DateHIVTestDoneExample","generation":"generated"},{"extension":[{"url":"http://hl7.org/fhir/tools/StructureDefinition/ig-page-name","valueUrl":"Organization-HIVOrganizationExample.html"}],"nameUrl":"Organization-HIVOrganizationExample.html","title":"Example Organization - HIVOrganizationExample","generation":"generated"}]}]},"parameter":[{"code":"path-resource","value":"input\\history"},{"code":"path-resource","value":"input\\scenarios"},{"code":"path-resource","value":"input/capabilities"},{"code":"path-resource","value":"input/examples"},{"code":"path-resource","value":"input/extensions"},{"code":"path-resource","value":"input/models"},{"code":"path-resource","value":"input/operations"},{"code":"path-resource","value":"input/profiles"},{"code":"path-resource","value":"input/resources"},{"code":"path-resource","value":"input/vocabulary"},{"code":"path-resource","value":"input/testing"},{"code":"path-resource","value":"input/history"},{"code":"path-resource","value":"fsh-generated/resources"},{"code":"path-pages","value":"template/config"},{"code":"path-pages","value":"input/images"},{"code":"path-tx-cache","value":"input-cache/txcache"}]}}