{"resourceType":"ValueSet","id":"vs-vl-suppression","text":{"status":"generated","div":"<div xmlns=\"http://www.w3.org/1999/xhtml\"><ul><li>Include all codes defined in <a href=\"CodeSystem-cs-vl-suppression.html\"><code>http://openhie.org/fhir/hiv-program-monitoring/CodeSystem/cs-vl-suppression</code></a></li></ul></div>"},"url":"http://openhie.org/fhir/hiv-program-monitoring/ValueSet/vs-vl-suppression","version":"0.1.0-test","name":"VSVLSuppression","title":"Viral load Suppressions Status","status":"active","experimental":false,"date":"2023-02-18T14:34:08+00:00","publisher":"Jembi Health Systems","contact":[{"telecom":[{"system":"url","value":"https://www.jembi.org"},{"system":"email","value":"info@jembi.org"}]}],"description":"A list of Viral load Statuses","jurisdiction":[{"coding":[{"system":"http://unstats.un.org/unsd/methods/m49/m49.htm","code":"001"}]}],"compose":{"include":[{"system":"http://openhie.org/fhir/hiv-program-monitoring/CodeSystem/cs-vl-suppression"}]}}