{"resourceType":"ValueSet","id":"vs-artregimen-lines","text":{"status":"generated","div":"<div xmlns=\"http://www.w3.org/1999/xhtml\"><ul><li>Include all codes defined in <a href=\"CodeSystem-cs-artregimen-lines.html\"><code>http://openhie.org/fhir/hiv-program-monitoring/CodeSystem/cs-artregimen-lines</code></a></li></ul></div>"},"url":"http://openhie.org/fhir/hiv-program-monitoring/ValueSet/vs-artregimen-lines","version":"0.1.0-test","name":"VSARTRegimenLines","title":"VSART Regimen Lines","status":"active","experimental":false,"date":"2023-02-09T10:39:24+00:00","publisher":"Jembi Health Systems","contact":[{"telecom":[{"system":"url","value":"https://www.jembi.org"},{"system":"email","value":"info@jembi.org"}]}],"jurisdiction":[{"coding":[{"system":"http://unstats.un.org/unsd/methods/m49/m49.htm","code":"001"}]}],"compose":{"include":[{"system":"http://openhie.org/fhir/hiv-program-monitoring/CodeSystem/cs-artregimen-lines"}]}}