{"resourceType":"ValueSet","id":"vs-reason-sample-cancelled-or-rejected","text":{"status":"generated","div":"<div xmlns=\"http://www.w3.org/1999/xhtml\"><ul><li>Include these codes as defined in <a href=\"http://www.snomed.org/\"><code>http://snomed.info/sct</code></a><table class=\"none\"><tr><td style=\"white-space:nowrap\"><b>Code</b></td><td><b>Display</b></td></tr><tr><td><a href=\"http://snomed.info/id/281264009\">281264009</a></td><td>Inappropriate bottle or container for sample (finding)</td></tr><tr><td><a href=\"http://snomed.info/id/281266006\">281266006</a></td><td>No sample received (finding)</td></tr><tr><td><a href=\"http://snomed.info/id/135839007\">135839007</a></td><td>Sample rejected (finding)</td></tr></table></li></ul></div>"},"url":"http://openhie.org/fhir/hiv-program-monitoring/ValueSet/vs-reason-sample-cancelled-or-rejected","version":"0.2.0","name":"VSReasonForSampleCancellationOrRejection","title":"Reasons why a lab order was cancelled or rejected","status":"active","experimental":false,"date":"2023-03-10T12:01:47+00:00","publisher":"Jembi Health Systems","contact":[{"telecom":[{"system":"url","value":"https://www.jembi.org"},{"system":"email","value":"info@jembi.org"}]}],"description":"Reasons why a lab order was cancelled or rejected.","jurisdiction":[{"coding":[{"system":"http://unstats.un.org/unsd/methods/m49/m49.htm","code":"001"}]}],"compose":{"include":[{"system":"http://snomed.info/sct","concept":[{"code":"281264009","display":"Inappropriate bottle or container for sample (finding)"},{"code":"281266006","display":"No sample received (finding)"},{"code":"135839007","display":"Sample rejected (finding)"}]}]}}